Timestamp,Household_ID,Global_active_power,Global_reactive_power,Voltage,Global_intensity,Sub_metering_1,Sub_metering_2,Sub_metering_3,Temperature_C,Humidity,Avg_Past_Consumption,Occupancy,HVAC_Usage_State,Renewable_Energy_kWh,Anomaly_Label
2026-03-01 00:00:00,HH_001,2.724,0.649,231.723,11.756,18.528,0.0,73.775,5.497,64.862,1.833,3,On,0.0,0
2026-03-01 00:15:00,HH_001,2.97,0.696,232.149,12.796,0.382,0.0,72.387,4.862,67.476,2.724,4,On,0.0,0
2026-03-01 00:30:00,HH_001,3.015,0.725,228.216,13.211,9.537,0.0,65.137,5.648,72.441,2.847,4,On,0.0,0
2026-03-01 00:45:00,HH_001,2.432,0.626,229.617,10.591,13.754,0.0,67.484,6.523,70.006,2.903,1,On,0.0,0
2026-03-01 01:00:00,HH_001,2.578,0.612,230.049,11.205,14.454,0.0,67.144,5.107,69.682,2.785,2,On,0.0,0
2026-03-01 01:15:00,HH_001,2.823,0.673,229.6,12.294,13.851,0.0,67.708,5.107,70.373,2.749,3,On,0.0,0
2026-03-01 01:30:00,HH_001,2.829,0.665,232.689,12.158,2.689,0.0,67.476,6.92,72.548,2.712,3,On,0.0,0
2026-03-01 01:45:00,HH_001,2.724,0.627,230.336,11.826,5.988,0.0,65.625,6.108,64.826,2.665,3,On,0.0,0
2026-03-01 02:00:00,HH_001,2.729,0.679,228.792,11.928,7.174,0.0,69.589,5.87,70.995,2.738,3,On,0.0,0
2026-03-01 02:15:00,HH_001,2.886,0.693,230.895,12.499,16.089,0.0,72.327,6.882,65.224,2.776,4,On,0.0,0
2026-03-01 02:30:00,HH_001,14.027,1.826,230.406,60.88,5.575,0.0,71.067,5.876,67.159,2.792,4,On,0.0,1
2026-03-01 02:45:00,HH_001,2.554,0.633,230.456,11.083,4.214,0.0,71.729,5.874,73.746,5.591,2,On,0.0,0
2026-03-01 03:00:00,HH_001,2.7,0.638,232.712,11.601,19.149,0.0,65.811,8.171,67.785,5.549,3,On,0.0,0
2026-03-01 03:15:00,HH_001,2.712,0.663,230.526,11.763,0.177,0.0,74.515,6.016,72.036,5.542,3,On,0.0,0
2026-03-01 03:30:00,HH_001,2.448,0.643,229.545,10.666,19.956,0.0,73.385,6.204,74.119,5.498,1,On,0.0,0
2026-03-01 03:45:00,HH_001,2.912,0.71,227.067,12.823,13.536,0.0,73.051,7.367,65.372,2.603,4,On,0.0,0
2026-03-01 04:00:00,HH_001,2.828,0.711,229.752,12.307,16.569,0.0,73.23,8.987,65.435,2.693,3,On,0.0,0
2026-03-01 04:15:00,HH_001,2.55,0.679,231.959,10.994,5.892,0.0,74.327,10.314,57.82,2.725,2,On,0.0,0
2026-03-01 04:30:00,HH_001,2.649,0.67,229.863,11.525,0.286,0.0,70.443,9.092,63.437,2.684,2,On,0.0,0
2026-03-01 04:45:00,HH_001,2.889,0.705,226.64,12.748,14.757,0.0,67.003,8.588,62.174,2.735,4,On,0.0,0
2026-03-01 05:00:00,HH_001,2.598,0.647,229.252,11.33,16.683,0.0,71.168,13.877,52.73,2.729,2,On,0.0,0
2026-03-01 05:15:00,HH_001,2.634,0.667,231.489,11.377,14.81,0.0,72.429,12.186,58.604,2.672,2,On,0.0,0
2026-03-01 05:30:00,HH_001,2.844,0.661,230.819,12.321,2.857,0.0,72.379,12.479,50.95,2.692,4,On,0.0,0
2026-03-01 05:45:00,HH_001,2.769,0.678,228.74,12.106,15.069,0.0,70.214,10.987,68.488,2.741,3,On,0.0,0
2026-03-01 06:00:00,HH_001,2.758,0.678,229.152,12.037,15.378,0.0,65.685,14.456,46.059,2.711,3,On,0.0,0
2026-03-01 06:15:00,HH_001,2.625,0.697,229.384,11.442,13.171,0.0,68.711,15.111,43.707,2.751,2,On,0.0,0
2026-03-01 06:30:00,HH_001,2.614,0.657,229.006,11.417,15.322,0.0,74.208,13.849,58.093,2.749,2,On,0.0,0
2026-03-01 06:45:00,HH_001,2.873,0.689,226.955,12.658,16.918,0.0,70.844,15.376,53.207,2.692,3,On,0.0,0
2026-03-01 07:00:00,HH_001,2.868,0.692,231.145,12.408,12.272,0.0,70.383,16.988,49.145,2.718,4,On,0.0,0
2026-03-01 07:15:00,HH_001,2.573,0.648,231.886,11.098,1.772,0.0,67.689,17.296,48.549,2.745,2,On,0.175,0
2026-03-01 07:30:00,HH_001,2.419,0.626,227.722,10.622,9.753,0.0,68.684,16.986,45.966,2.732,1,On,0.094,0
2026-03-01 07:45:00,HH_001,0.872,0.113,231.866,3.762,1.553,0.0,13.953,19.44,36.633,2.683,4,Off,0.127,0
2026-03-01 08:00:00,HH_001,0.568,0.037,229.845,2.472,8.151,0.0,11.665,19.987,40.406,2.183,2,Off,0.776,0
2026-03-01 08:15:00,HH_001,0.659,0.039,231.838,2.844,8.142,0.0,12.874,18.942,38.73,1.608,2,Off,0.591,0
2026-03-01 08:30:00,HH_001,0.521,0.066,230.057,2.265,1.32,0.0,9.543,20.823,43.231,1.13,1,Off,0.652,0
2026-03-01 08:45:00,HH_001,0.421,0.065,230.203,1.831,6.976,0.0,11.302,18.779,41.706,0.655,1,Off,0.753,0
2026-03-01 09:00:00,HH_001,0.258,0.017,230.559,1.121,0.0,0.0,7.484,22.28,31.313,0.543,0,Off,1.229,0
2026-03-01 09:15:00,HH_001,0.324,0.024,228.815,1.414,0.0,0.0,12.055,20.111,38.17,0.465,0,Off,1.423,0
2026-03-01 09:30:00,HH_001,0.272,0.033,231.792,1.175,0.0,0.0,9.276,20.743,40.579,0.381,0,Off,1.328,0
2026-03-01 09:45:00,HH_001,0.332,0.019,228.318,1.453,0.0,0.0,9.425,22.268,32.646,0.319,0,Off,1.314,0
2026-03-01 10:00:00,HH_001,0.31,0.015,229.397,1.352,0.0,0.0,11.493,24.399,30.0,0.296,0,Off,1.96,0
2026-03-01 10:15:00,HH_001,0.224,0.04,230.786,0.972,0.0,0.0,14.363,23.832,33.555,0.309,0,Off,1.934,0
2026-03-01 10:30:00,HH_001,0.377,0.05,229.236,1.646,0.0,0.0,5.64,23.545,34.136,0.285,0,Off,1.853,0
2026-03-01 10:45:00,HH_001,0.39,0.065,231.166,1.686,0.0,0.0,13.247,23.359,30.747,0.311,0,Off,2.005,0
2026-03-01 11:00:00,HH_001,0.269,0.002,232.064,1.161,0.0,0.0,7.924,23.181,31.283,0.325,0,Off,2.166,0
2026-03-01 11:15:00,HH_001,0.281,0.018,231.519,1.212,0.0,0.0,9.439,23.939,33.281,0.315,0,Off,2.336,0
2026-03-01 11:30:00,HH_001,0.314,0.037,227.096,1.384,0.0,0.0,5.219,24.199,30.0,0.329,0,Off,2.333,0
2026-03-01 11:45:00,HH_001,0.317,0.013,230.189,1.376,0.0,0.0,8.01,25.716,30.0,0.314,0,Off,2.243,0
2026-03-01 12:00:00,HH_001,0.333,0.046,231.543,1.438,0.0,0.0,10.026,25.344,30.0,0.295,0,Off,2.507,0
2026-03-01 12:15:00,HH_001,0.401,0.065,228.025,1.756,0.0,0.0,5.562,23.237,32.459,0.311,0,Off,2.349,0
2026-03-01 12:30:00,HH_001,0.291,0.017,231.085,1.26,0.0,0.0,9.911,25.324,30.906,0.341,0,Off,2.567,0
2026-03-01 12:45:00,HH_001,0.26,0.027,231.001,1.126,0.0,0.0,14.271,24.615,38.147,0.335,0,Off,2.456,0
2026-03-01 13:00:00,HH_001,0.231,0.052,228.182,1.012,0.0,0.0,6.054,23.982,36.324,0.321,0,Off,2.422,0
2026-03-01 13:15:00,HH_001,0.263,0.062,231.251,1.139,0.0,0.0,12.644,25.271,30.0,0.296,0,Off,2.579,0
2026-03-01 13:30:00,HH_001,0.298,0.045,230.409,1.295,0.0,0.0,9.097,25.69,30.0,0.261,0,Off,2.404,0
2026-03-01 13:45:00,HH_001,0.39,0.051,230.976,1.687,0.0,0.0,11.552,25.591,30.0,0.263,0,Off,2.334,0
2026-03-01 14:00:00,HH_001,0.274,0.01,228.551,1.199,0.0,0.0,7.602,22.821,34.265,0.296,0,Off,2.118,0
2026-03-01 14:15:00,HH_001,0.311,0.038,230.225,1.352,0.0,0.0,6.595,23.351,31.855,0.306,0,Off,2.335,0
2026-03-01 14:30:00,HH_001,0.299,0.041,227.443,1.315,0.0,0.0,6.605,23.992,33.631,0.318,0,Off,2.146,0
2026-03-01 14:45:00,HH_001,0.359,0.032,226.585,1.586,0.0,0.0,5.705,24.636,30.0,0.319,0,Off,2.45,0
2026-03-01 15:00:00,HH_001,0.426,0.031,230.211,1.852,0.0,0.0,6.856,21.592,39.413,0.311,0,Off,1.681,0
2026-03-01 15:15:00,HH_001,0.273,0.002,231.651,1.18,0.0,0.0,11.642,21.885,43.893,0.349,0,Off,2.059,0
2026-03-01 15:30:00,HH_001,0.276,0.0,230.379,1.196,0.0,0.0,13.817,20.965,37.527,0.34,0,Off,1.91,0
2026-03-01 15:45:00,HH_001,0.352,0.0,229.905,1.532,0.0,0.0,13.141,20.875,40.259,0.334,0,Off,1.88,0
2026-03-01 16:00:00,HH_001,0.334,0.045,229.719,1.454,0.0,0.0,11.851,20.813,41.826,0.332,0,Off,1.297,0
2026-03-01 16:15:00,HH_001,0.392,0.042,228.586,1.716,0.0,0.0,6.104,21.356,35.281,0.309,0,Off,1.392,0
2026-03-01 16:30:00,HH_001,0.329,0.023,229.667,1.433,0.0,0.0,7.892,19.928,41.264,0.339,0,Off,1.348,0
2026-03-01 16:45:00,HH_001,0.282,0.022,230.633,1.223,0.0,0.0,8.098,21.004,38.056,0.352,0,Off,1.462,0
2026-03-01 17:00:00,HH_001,0.33,0.037,229.347,1.437,0.0,0.0,7.5,17.95,44.589,0.334,0,Off,0.716,0
2026-03-01 17:15:00,HH_001,0.355,0.032,231.126,1.538,0.0,0.0,10.15,16.943,42.249,0.333,0,Off,0.719,0
2026-03-01 17:30:00,HH_001,0.341,0.007,230.294,1.481,0.0,0.0,10.356,17.95,44.223,0.324,0,Off,0.668,0
2026-03-01 17:45:00,HH_001,0.325,0.051,230.475,1.412,0.0,0.0,8.569,19.126,44.238,0.327,0,Off,0.699,0
2026-03-01 18:00:00,HH_001,2.803,0.686,231.333,12.118,13.652,0.0,68.538,14.964,57.327,0.338,3,On,0.031,0
2026-03-01 18:15:00,HH_001,2.958,0.701,229.21,12.907,4.839,0.0,73.286,16.565,51.667,0.956,4,On,0.0,0
2026-03-01 18:30:00,HH_001,2.969,0.714,230.989,12.854,14.279,0.0,72.893,12.38,66.005,1.607,4,On,0.0,0
2026-03-01 18:45:00,HH_001,2.782,0.662,229.42,12.128,16.451,0.0,68.078,15.822,44.519,2.264,3,On,0.074,0
2026-03-01 19:00:00,HH_001,2.892,0.713,230.509,12.545,16.079,30.809,74.138,12.499,59.364,2.878,4,On,0.0,0
2026-03-01 19:15:00,HH_001,2.907,0.688,229.031,12.694,11.05,33.134,74.528,12.113,56.691,2.9,4,On,0.0,0
2026-03-01 19:30:00,HH_001,2.96,0.714,228.634,12.948,10.403,29.64,68.267,12.504,65.942,2.888,4,On,0.0,0
2026-03-01 19:45:00,HH_001,2.859,0.701,230.138,12.424,2.858,14.548,68.544,10.424,55.11,2.885,4,On,0.0,0
2026-03-01 20:00:00,HH_001,2.918,0.671,227.172,12.847,15.507,36.276,70.056,9.78,56.241,2.905,4,On,0.0,0
2026-03-01 20:15:00,HH_001,2.43,0.653,229.556,10.587,5.428,26.173,74.411,10.357,56.289,2.911,1,On,0.0,0
2026-03-01 20:30:00,HH_001,2.901,0.697,227.59,12.749,9.934,18.474,73.763,11.478,46.425,2.792,4,On,0.0,0
2026-03-01 20:45:00,HH_001,2.514,0.652,231.169,10.875,5.685,22.757,66.026,9.482,58.408,2.777,1,On,0.0,0
2026-03-01 21:00:00,HH_001,2.91,0.689,231.575,12.564,2.677,11.127,68.927,7.12,61.963,2.691,4,On,0.0,0
2026-03-01 21:15:00,HH_001,2.752,0.674,228.704,12.034,12.591,13.836,70.534,7.427,65.898,2.689,3,On,0.0,0
2026-03-01 21:30:00,HH_001,2.532,0.669,230.642,10.978,1.087,32.966,70.031,8.844,64.02,2.769,2,On,0.0,0
2026-03-01 21:45:00,HH_001,2.487,0.66,231.349,10.751,14.973,10.0,66.939,8.258,72.865,2.677,1,On,0.0,0
2026-03-01 22:00:00,HH_001,2.932,0.694,231.354,12.674,6.352,0.0,73.588,5.81,73.132,2.67,4,On,0.0,0
2026-03-01 22:15:00,HH_001,2.858,0.656,230.322,12.409,0.003,0.0,71.769,6.853,63.409,2.676,3,On,0.0,0
2026-03-01 22:30:00,HH_001,2.585,0.668,231.101,11.184,10.223,0.0,73.379,6.437,62.634,2.702,2,On,0.0,0
2026-03-01 22:45:00,HH_001,2.461,0.661,229.026,10.745,0.937,0.0,73.588,7.308,67.843,2.716,1,On,0.0,0
2026-03-01 23:00:00,HH_001,2.612,0.707,230.125,11.352,5.523,0.0,72.484,4.639,64.121,2.709,2,On,0.0,0
2026-03-01 23:15:00,HH_001,2.829,0.704,229.299,12.337,14.14,0.0,69.392,5.013,79.131,2.629,3,On,0.0,0
2026-03-01 23:30:00,HH_001,2.445,0.607,228.899,10.683,1.254,0.0,71.105,4.949,76.0,2.622,1,On,0.0,0
2026-03-01 23:45:00,HH_001,2.614,0.663,230.054,11.362,16.787,0.0,66.604,3.877,69.9,2.587,2,On,0.0,0
2026-03-02 00:00:00,HH_001,2.93,0.729,230.521,12.712,0.076,0.0,71.736,5.296,60.842,2.625,4,On,0.0,0
2026-03-02 00:15:00,HH_001,2.459,0.658,231.745,10.612,4.936,0.0,66.793,5.261,76.247,2.705,1,On,0.0,0
2026-03-02 00:30:00,HH_001,2.578,0.664,230.398,11.188,14.818,0.0,71.939,5.005,69.417,2.612,2,On,0.0,0
2026-03-02 00:45:00,HH_001,2.76,0.694,230.963,11.949,6.325,0.0,67.296,4.765,76.658,2.645,3,On,0.0,0
2026-03-02 01:00:00,HH_001,2.804,0.668,230.98,12.138,2.038,0.0,66.176,3.925,64.177,2.682,3,On,0.0,0
2026-03-02 01:15:00,HH_001,2.399,0.649,234.031,10.249,7.205,0.0,66.653,4.92,67.163,2.65,1,On,0.0,0
2026-03-02 01:30:00,HH_001,2.607,0.656,227.285,11.469,5.408,0.0,65.02,4.998,70.03,2.635,2,On,0.0,0
2026-03-02 01:45:00,HH_001,2.415,0.641,228.968,10.547,16.854,0.0,72.187,4.538,71.158,2.642,1,On,0.0,0
2026-03-02 02:00:00,HH_001,2.51,0.668,232.211,10.808,6.267,0.0,72.324,6.178,65.393,2.556,1,On,0.0,0
2026-03-02 02:15:00,HH_001,2.524,0.634,229.472,10.998,15.779,0.0,70.149,6.744,69.627,2.483,2,On,0.0,0
2026-03-02 02:30:00,HH_001,2.572,0.683,231.329,11.119,17.837,0.0,66.614,8.226,58.21,2.514,2,On,0.0,0
2026-03-02 02:45:00,HH_001,2.919,0.683,230.345,12.672,8.676,0.0,65.836,6.514,66.259,2.505,4,On,0.0,0
2026-03-02 03:00:00,HH_001,2.678,0.673,233.158,11.487,18.199,0.0,65.191,8.186,64.229,2.631,2,On,0.0,0
2026-03-02 03:15:00,HH_001,2.747,0.647,228.33,12.03,7.546,0.0,66.657,7.854,66.863,2.673,3,On,0.0,0
2026-03-02 03:30:00,HH_001,2.422,0.657,231.833,10.448,19.282,0.0,73.909,6.01,71.538,2.729,1,On,0.0,0
2026-03-02 03:45:00,HH_001,2.544,0.683,232.624,10.936,1.786,0.0,67.415,7.902,58.572,2.692,1,On,0.0,0
2026-03-02 04:00:00,HH_001,2.678,0.657,228.478,11.719,13.74,0.0,68.543,10.06,52.209,2.598,3,On,0.0,0
2026-03-02 04:15:00,HH_001,2.49,0.627,231.174,10.771,9.876,0.0,66.053,12.463,61.462,2.598,2,On,0.0,0
2026-03-02 04:30:00,HH_001,2.772,0.683,228.552,12.129,7.753,0.0,67.224,9.808,62.046,2.533,3,On,0.0,0
2026-03-02 04:45:00,HH_001,2.725,0.702,230.045,11.845,12.654,0.0,70.192,10.302,55.654,2.621,3,On,0.0,0
2026-03-02 05:00:00,HH_001,2.849,0.656,229.615,12.407,14.077,0.0,71.078,12.377,63.002,2.666,4,On,0.0,0
2026-03-02 05:15:00,HH_001,2.785,0.656,226.396,12.303,0.087,0.0,67.454,11.243,58.092,2.709,3,On,0.0,0
2026-03-02 05:30:00,HH_001,2.462,0.637,230.636,10.676,3.339,0.0,65.577,13.555,58.787,2.783,1,On,0.0,0
2026-03-02 05:45:00,HH_001,2.722,0.656,230.215,11.823,14.261,0.0,68.91,13.164,54.01,2.705,3,On,0.0,0
2026-03-02 06:00:00,HH_001,2.386,0.622,232.219,10.275,13.328,0.0,67.342,15.791,58.722,2.705,1,On,0.0,0
2026-03-02 06:15:00,HH_001,2.494,0.607,230.917,10.799,19.321,0.0,67.196,14.091,60.595,2.589,1,On,0.0,0
2026-03-02 06:30:00,HH_001,2.483,0.66,233.436,10.635,15.221,0.0,74.599,16.403,45.95,2.516,1,On,0.0,0
2026-03-02 06:45:00,HH_001,2.595,0.666,230.161,11.275,19.015,0.0,71.163,13.598,57.662,2.521,2,On,0.0,0
2026-03-02 07:00:00,HH_001,0.992,0.065,229.842,4.317,14.051,0.0,10.569,18.175,46.877,2.489,4,Off,0.017,0
2026-03-02 07:15:00,HH_001,0.396,0.069,229.723,1.726,5.961,0.0,9.158,19.779,47.286,2.141,1,Off,0.0,0
2026-03-02 07:30:00,HH_001,2.374,0.671,229.341,10.35,2.107,0.0,69.289,16.598,41.98,1.617,1,On,0.002,0
2026-03-02 07:45:00,HH_001,2.565,0.642,226.688,11.317,15.636,0.0,70.409,17.022,49.386,1.589,2,On,0.035,0
2026-03-02 08:00:00,HH_001,0.448,0.068,229.67,1.949,12.883,0.0,11.964,20.1,45.093,1.582,1,Off,0.65,0
2026-03-02 08:15:00,HH_001,0.762,0.065,226.898,3.359,0.964,0.0,12.021,19.497,32.213,1.446,3,Off,0.627,0
2026-03-02 08:30:00,HH_001,0.738,0.077,230.678,3.199,7.201,0.0,6.717,18.449,37.185,1.537,3,Off,0.724,0
2026-03-02 08:45:00,HH_001,0.918,0.075,228.14,4.022,19.136,0.0,10.001,20.069,30.0,1.128,4,Off,0.606,0
2026-03-02 09:00:00,HH_001,0.237,0.068,228.659,1.038,0.0,0.0,9.12,21.009,36.635,0.716,0,Off,1.392,0
2026-03-02 09:15:00,HH_001,0.372,0.031,228.996,1.625,0.0,0.0,13.705,22.545,38.498,0.664,0,Off,1.181,0
2026-03-02 09:30:00,HH_001,0.296,0.032,229.693,1.288,0.0,0.0,11.314,21.152,45.208,0.566,0,Off,1.455,0
2026-03-02 09:45:00,HH_001,0.356,0.022,230.01,1.547,0.0,0.0,10.325,23.621,33.128,0.456,0,Off,1.399,0
2026-03-02 10:00:00,HH_001,0.317,0.069,231.627,1.369,0.0,0.0,6.154,22.877,42.389,0.315,0,Off,1.915,0
2026-03-02 10:15:00,HH_001,1.486,0.186,229.134,6.485,0.0,0.0,11.056,23.338,30.0,0.335,0,Off,1.988,1
2026-03-02 10:30:00,HH_001,0.328,0.065,230.72,1.424,0.0,0.0,6.172,24.474,30.0,0.614,0,Off,2.056,0
2026-03-02 10:45:00,HH_001,0.322,0.051,234.096,1.377,0.0,0.0,8.372,22.429,34.863,0.622,0,Off,1.991,0
2026-03-02 11:00:00,HH_001,0.332,0.021,230.566,1.441,0.0,0.0,6.428,24.887,32.147,0.614,0,Off,2.09,0
2026-03-02 11:15:00,HH_001,0.366,0.053,229.729,1.595,0.0,0.0,11.921,25.966,30.0,0.617,0,Off,2.146,0
2026-03-02 11:30:00,HH_001,0.31,0.031,228.831,1.354,0.0,0.0,7.063,23.052,30.0,0.337,0,Off,2.212,0
2026-03-02 11:45:00,HH_001,0.335,0.06,229.709,1.46,0.0,0.0,8.919,24.844,30.0,0.333,0,Off,2.277,0
2026-03-02 12:00:00,HH_001,0.296,0.052,228.671,1.292,0.0,0.0,13.957,25.26,30.0,0.336,0,Off,2.526,0
2026-03-02 12:15:00,HH_001,0.372,0.024,230.403,1.615,0.0,0.0,7.043,25.782,31.785,0.327,0,Off,2.402,0
2026-03-02 12:30:00,HH_001,0.266,0.046,230.155,1.157,0.0,0.0,10.078,23.763,34.307,0.328,0,Off,2.493,0
2026-03-02 12:45:00,HH_001,0.39,0.053,226.757,1.72,0.0,0.0,9.193,23.68,30.0,0.317,0,Off,2.399,0
2026-03-02 13:00:00,HH_001,0.298,0.0,229.972,1.296,0.0,0.0,5.181,25.181,30.0,0.331,0,Off,2.413,0
2026-03-02 13:15:00,HH_001,0.228,0.039,231.614,0.986,0.0,0.0,12.928,24.956,30.0,0.332,0,Off,2.334,0
2026-03-02 13:30:00,HH_001,0.306,0.022,229.401,1.336,0.0,0.0,5.69,24.91,30.0,0.296,0,Off,2.382,0
2026-03-02 13:45:00,HH_001,0.266,0.009,229.021,1.161,0.0,0.0,9.743,25.006,34.764,0.306,0,Off,2.339,0
2026-03-02 14:00:00,HH_001,0.342,0.017,227.933,1.501,0.0,0.0,10.607,22.98,30.0,0.275,0,Off,2.176,0
2026-03-02 14:15:00,HH_001,0.267,0.024,227.213,1.177,0.0,0.0,11.284,23.893,34.735,0.286,0,Off,2.379,0
2026-03-02 14:30:00,HH_001,0.278,0.037,231.247,1.201,0.0,0.0,11.886,23.953,30.0,0.295,0,Off,2.179,0
2026-03-02 14:45:00,HH_001,0.206,0.0,229.728,0.895,0.0,0.0,7.533,22.946,30.144,0.288,0,Off,2.537,0
2026-03-02 15:00:00,HH_001,0.277,0.032,231.158,1.2,0.0,0.0,5.1,23.937,31.591,0.273,0,Off,1.939,0
2026-03-02 15:15:00,HH_001,0.179,0.029,232.297,0.77,0.0,0.0,12.234,22.545,30.0,0.257,0,Off,1.908,0
2026-03-02 15:30:00,HH_001,0.221,0.059,231.382,0.954,0.0,0.0,10.357,20.88,35.472,0.235,0,Off,1.804,0
2026-03-02 15:45:00,HH_001,0.338,0.012,229.186,1.475,0.0,0.0,13.361,22.728,30.0,0.221,0,Off,1.959,0
2026-03-02 16:00:00,HH_001,0.339,0.027,230.217,1.474,0.0,0.0,13.214,19.025,51.773,0.254,0,Off,1.294,0
2026-03-02 16:15:00,HH_001,0.321,0.037,229.078,1.402,0.0,0.0,13.433,20.787,38.602,0.269,0,Off,1.364,0
2026-03-02 16:30:00,HH_001,1.238,0.147,228.938,5.407,0.0,0.0,9.851,21.159,34.184,0.305,0,Off,1.608,1
2026-03-02 16:45:00,HH_001,0.298,0.024,230.514,1.291,0.0,0.0,8.336,19.179,42.711,0.559,0,Off,1.342,0
2026-03-02 17:00:00,HH_001,0.3,0.054,228.752,1.311,0.0,0.0,12.916,18.552,42.335,0.549,0,Off,0.819,0
2026-03-02 17:15:00,HH_001,0.242,0.0,226.686,1.068,0.0,0.0,9.513,18.001,42.893,0.539,0,Off,0.634,0
2026-03-02 17:30:00,HH_001,0.375,0.012,228.668,1.641,0.0,0.0,6.834,18.41,46.25,0.519,0,Off,0.701,0
2026-03-02 17:45:00,HH_001,0.344,0.041,229.54,1.498,0.0,0.0,13.55,19.485,44.818,0.304,0,Off,0.881,0
2026-03-02 18:00:00,HH_001,2.439,0.616,232.282,10.5,7.582,0.0,73.826,14.755,47.838,0.315,1,On,0.0,0
2026-03-02 18:15:00,HH_001,2.601,0.637,229.264,11.347,6.747,0.0,69.663,14.246,48.628,0.85,2,On,0.181,0
2026-03-02 18:30:00,HH_001,2.76,0.665,230.768,11.962,0.387,0.0,65.757,14.11,50.404,1.44,3,On,0.071,0
2026-03-02 18:45:00,HH_001,2.498,0.665,229.748,10.872,2.487,0.0,68.878,14.184,40.122,2.036,2,On,0.0,0
2026-03-02 19:00:00,HH_001,2.588,0.621,231.84,11.161,8.273,25.144,73.035,12.335,47.755,2.575,2,On,0.0,0
2026-03-02 19:15:00,HH_001,2.716,0.675,231.736,11.72,9.857,31.554,74.018,12.753,61.328,2.612,3,On,0.0,0
2026-03-02 19:30:00,HH_001,2.55,0.676,231.764,11.002,8.086,35.879,67.035,12.689,62.848,2.64,2,On,0.0,0
2026-03-02 19:45:00,HH_001,2.736,0.67,227.399,12.031,10.619,15.378,65.67,13.239,52.277,2.588,3,On,0.0,0
2026-03-02 20:00:00,HH_001,2.69,0.662,230.31,11.679,11.903,34.0,73.774,10.013,62.857,2.647,2,On,0.0,0
2026-03-02 20:15:00,HH_001,2.782,0.686,231.138,12.036,0.198,26.581,68.894,11.454,58.649,2.673,3,On,0.0,0
2026-03-02 20:30:00,HH_001,2.421,0.638,230.572,10.502,9.282,21.897,70.418,9.735,75.924,2.689,1,On,0.0,0
2026-03-02 20:45:00,HH_001,2.929,0.721,230.955,12.681,19.27,13.951,74.681,12.72,60.158,2.657,4,On,0.0,0
2026-03-02 21:00:00,HH_001,2.82,0.66,230.088,12.256,10.381,35.959,65.666,8.555,62.251,2.705,3,On,0.0,0
2026-03-02 21:15:00,HH_001,2.796,0.679,228.883,12.217,13.551,14.718,71.483,7.072,61.079,2.738,3,On,0.0,0
2026-03-02 21:30:00,HH_001,2.903,0.694,227.454,12.763,6.237,19.294,65.741,6.858,58.252,2.742,4,On,0.0,0
2026-03-02 21:45:00,HH_001,2.718,0.664,229.032,11.866,15.48,18.701,68.755,8.411,64.195,2.862,3,On,0.0,0
2026-03-02 22:00:00,HH_001,11.072,1.45,234.017,47.313,15.458,0.0,73.038,6.116,63.986,2.809,3,On,0.0,1
2026-03-02 22:15:00,HH_001,2.62,0.659,229.272,11.426,10.426,0.0,69.335,7.054,58.781,4.872,2,On,0.0,0
2026-03-02 22:30:00,HH_001,2.945,0.712,227.061,12.969,19.52,0.0,74.972,6.813,63.141,4.828,4,On,0.0,0
2026-03-02 22:45:00,HH_001,2.482,0.664,231.099,10.739,2.511,0.0,70.591,6.267,62.058,4.839,1,On,0.0,0
2026-03-02 23:00:00,HH_001,2.802,0.687,231.283,12.117,0.339,0.0,68.212,4.494,79.448,4.78,3,On,0.0,0
2026-03-02 23:15:00,HH_001,2.873,0.665,231.931,12.388,15.403,0.0,67.201,3.826,76.756,2.712,4,On,0.0,0
2026-03-02 23:30:00,HH_001,2.666,0.674,230.706,11.555,16.143,0.0,68.505,4.894,70.172,2.776,2,On,0.0,0
2026-03-02 23:45:00,HH_001,2.46,0.635,231.268,10.636,2.404,0.0,68.725,6.197,75.005,2.706,1,On,0.0,0
2026-03-03 00:00:00,HH_001,3.004,0.707,232.76,12.905,5.312,0.0,65.687,5.214,69.959,2.7,4,On,0.0,0
2026-03-03 00:15:00,HH_001,2.416,0.644,228.882,10.554,0.351,0.0,68.696,3.754,68.185,2.751,1,On,0.0,0
2026-03-03 00:30:00,HH_001,2.537,0.634,228.584,11.098,5.866,0.0,69.642,5.173,77.269,2.636,1,On,0.0,0
2026-03-03 00:45:00,HH_001,2.46,0.628,228.358,10.772,15.463,0.0,72.227,5.385,71.924,2.604,1,On,0.0,0
2026-03-03 01:00:00,HH_001,2.717,0.679,229.601,11.835,10.359,0.0,71.567,4.457,65.9,2.604,3,On,0.0,0
2026-03-03 01:15:00,HH_001,2.726,0.668,232.15,11.742,6.962,0.0,72.088,5.494,68.059,2.532,3,On,0.0,0
2026-03-03 01:30:00,HH_001,2.584,0.642,230.792,11.196,7.435,0.0,65.084,5.399,64.824,2.61,2,On,0.0,0
2026-03-03 01:45:00,HH_001,2.621,0.644,230.733,11.36,0.027,0.0,67.177,4.198,64.69,2.622,2,On,0.0,0
2026-03-03 02:00:00,HH_001,2.926,0.687,227.271,12.875,5.996,0.0,71.617,6.698,71.236,2.662,4,On,0.0,0
2026-03-03 02:15:00,HH_001,2.571,0.688,228.96,11.23,12.929,0.0,69.84,6.901,75.746,2.714,2,On,0.0,0
2026-03-03 02:30:00,HH_001,2.449,0.634,227.247,10.776,19.484,0.0,65.053,7.423,58.162,2.676,1,On,0.0,0
2026-03-03 02:45:00,HH_001,2.557,0.655,231.757,11.034,16.941,0.0,73.045,7.394,68.028,2.642,1,On,0.0,0
2026-03-03 03:00:00,HH_001,2.836,0.686,232.378,12.206,0.472,0.0,72.728,6.551,63.644,2.626,3,On,0.0,0
2026-03-03 03:15:00,HH_001,2.472,0.625,231.169,10.693,17.971,0.0,70.484,6.991,63.582,2.603,1,On,0.0,0
2026-03-03 03:30:00,HH_001,2.902,0.655,228.52,12.699,15.664,0.0,65.665,8.444,60.15,2.579,4,On,0.0,0
2026-03-03 03:45:00,HH_001,2.456,0.625,232.223,10.576,15.608,0.0,72.665,8.443,58.795,2.692,1,On,0.0,0
2026-03-03 04:00:00,HH_001,2.481,0.653,229.62,10.803,9.16,0.0,70.837,10.515,59.213,2.667,1,On,0.0,0
2026-03-03 04:15:00,HH_001,2.849,0.687,228.178,12.485,7.96,0.0,72.82,13.853,48.14,2.578,4,On,0.0,0
2026-03-03 04:30:00,HH_001,8.329,1.247,228.553,36.443,6.058,0.0,72.517,10.571,60.211,2.672,2,On,0.0,1
2026-03-03 04:45:00,HH_001,2.517,0.654,229.355,10.972,1.314,0.0,73.03,11.136,57.478,4.029,2,On,0.0,0
2026-03-03 05:00:00,HH_001,2.92,0.69,230.074,12.691,4.565,0.0,70.18,13.366,52.074,4.044,4,On,0.0,0
2026-03-03 05:15:00,HH_001,2.782,0.666,229.758,12.11,4.932,0.0,66.403,13.063,49.336,4.154,3,On,0.0,0
2026-03-03 05:30:00,HH_001,2.426,0.66,227.881,10.645,9.682,0.0,71.712,12.097,52.923,4.137,1,On,0.0,0
2026-03-03 05:45:00,HH_001,2.979,0.679,231.82,12.849,14.949,0.0,71.205,13.171,57.435,2.661,4,On,0.0,0
2026-03-03 06:00:00,HH_001,2.389,0.617,229.774,10.396,9.476,0.0,72.423,14.227,54.05,2.777,1,On,0.0,0
2026-03-03 06:15:00,HH_001,2.677,0.679,228.929,11.693,1.157,0.0,66.699,14.763,45.586,2.644,3,On,0.0,0
2026-03-03 06:30:00,HH_001,2.461,0.619,231.665,10.624,19.156,0.0,66.95,14.515,51.467,2.618,1,On,0.0,0
2026-03-03 06:45:00,HH_001,2.952,0.744,228.225,12.936,18.854,0.0,73.904,15.082,53.593,2.626,4,On,0.0,0
2026-03-03 07:00:00,HH_001,0.534,0.055,227.557,2.348,15.704,0.0,12.5,19.903,31.847,2.62,1,Off,0.063,0
2026-03-03 07:15:00,HH_001,2.577,0.665,231.909,11.112,19.827,0.0,74.082,15.721,51.275,2.156,2,On,0.097,0
2026-03-03 07:30:00,HH_001,0.804,0.064,232.837,3.453,10.89,0.0,12.587,18.274,40.138,2.131,3,Off,0.062,0
2026-03-03 07:45:00,HH_001,2.748,0.669,229.307,11.984,19.255,0.0,70.972,15.975,50.902,1.717,3,On,0.0,0
2026-03-03 08:00:00,HH_001,0.741,0.066,229.931,3.224,1.512,0.0,11.541,19.528,37.128,1.666,3,Off,0.632,0
2026-03-03 08:15:00,HH_001,0.944,0.084,228.28,4.136,7.314,0.0,13.891,21.089,30.0,1.718,4,Off,0.68,0
2026-03-03 08:30:00,HH_001,0.783,0.091,230.008,3.403,4.508,0.0,10.788,20.064,31.734,1.309,3,Off,0.697,0
2026-03-03 08:45:00,HH_001,0.521,0.043,229.286,2.273,3.917,0.0,11.324,18.922,42.396,1.304,2,Off,0.766,0
2026-03-03 09:00:00,HH_001,0.374,0.058,229.847,1.626,0.0,0.0,6.565,21.356,38.587,0.747,0,Off,1.369,0
2026-03-03 09:15:00,HH_001,0.369,0.09,230.614,1.6,0.0,0.0,9.739,22.751,30.0,0.655,0,Off,1.218,0
2026-03-03 09:30:00,HH_001,0.269,0.021,228.353,1.177,0.0,0.0,12.164,21.341,40.512,0.512,0,Off,1.39,0
2026-03-03 09:45:00,HH_001,0.32,0.035,229.457,1.394,0.0,0.0,7.709,22.288,30.0,0.383,0,Off,1.413,0
2026-03-03 10:00:00,HH_001,0.325,0.04,227.294,1.429,0.0,0.0,7.023,23.706,32.258,0.333,0,Off,1.945,0
2026-03-03 10:15:00,HH_001,0.313,0.068,229.468,1.364,0.0,0.0,8.138,23.009,30.0,0.321,0,Off,1.997,0
2026-03-03 10:30:00,HH_001,0.272,0.026,229.86,1.185,0.0,0.0,7.415,25.804,30.0,0.307,0,Off,1.973,0
2026-03-03 10:45:00,HH_001,0.266,0.01,230.343,1.157,0.0,0.0,7.149,24.294,31.649,0.308,0,Off,1.935,0
2026-03-03 11:00:00,HH_001,0.299,0.005,230.359,1.297,0.0,0.0,9.249,22.634,30.43,0.294,0,Off,2.267,0
2026-03-03 11:15:00,HH_001,0.359,0.035,231.356,1.55,0.0,0.0,14.078,24.846,30.0,0.288,0,Off,2.108,0
2026-03-03 11:30:00,HH_001,0.327,0.024,227.691,1.437,0.0,0.0,10.071,23.997,37.037,0.299,0,Off,2.317,0
2026-03-03 11:45:00,HH_001,0.281,0.068,227.771,1.236,0.0,0.0,6.879,25.512,30.0,0.313,0,Off,2.295,0
2026-03-03 12:00:00,HH_001,0.339,0.069,230.793,1.467,0.0,0.0,5.77,24.207,35.764,0.317,0,Off,2.502,0
2026-03-03 12:15:00,HH_001,0.158,0.0,226.942,0.694,0.0,0.0,11.962,24.885,30.0,0.326,0,Off,2.347,0
2026-03-03 12:30:00,HH_001,0.357,0.022,230.275,1.552,0.0,0.0,8.828,25.505,31.639,0.276,0,Off,2.366,0
2026-03-03 12:45:00,HH_001,0.213,0.023,228.23,0.933,0.0,0.0,13.218,25.866,35.476,0.284,0,Off,2.58,0
2026-03-03 13:00:00,HH_001,0.282,0.056,232.359,1.213,0.0,0.0,11.595,23.459,30.0,0.267,0,Off,2.471,0
2026-03-03 13:15:00,HH_001,0.244,0.026,230.376,1.059,0.0,0.0,12.962,24.325,30.0,0.252,0,Off,2.543,0
2026-03-03 13:30:00,HH_001,0.235,0.011,229.671,1.024,0.0,0.0,7.719,24.184,34.517,0.274,0,Off,2.477,0
2026-03-03 13:45:00,HH_001,0.358,0.035,231.842,1.544,0.0,0.0,11.924,24.006,30.973,0.244,0,Off,2.478,0
2026-03-03 14:00:00,HH_001,0.277,0.015,228.405,1.211,0.0,0.0,7.641,25.426,31.004,0.28,0,Off,2.368,0
2026-03-03 14:15:00,HH_001,0.317,0.044,228.69,1.388,0.0,0.0,14.391,24.065,30.0,0.278,0,Off,2.222,0
2026-03-03 14:30:00,HH_001,0.298,0.016,228.108,1.305,0.0,0.0,11.364,22.399,35.634,0.297,0,Off,2.284,0
2026-03-03 14:45:00,HH_001,0.324,0.022,228.702,1.416,0.0,0.0,8.245,24.578,30.065,0.312,0,Off,2.228,0
2026-03-03 15:00:00,HH_001,0.304,0.054,230.092,1.321,0.0,0.0,7.695,24.193,37.452,0.304,0,Off,1.846,0
2026-03-03 15:15:00,HH_001,0.236,0.008,230.741,1.022,0.0,0.0,6.909,23.104,35.065,0.311,0,Off,1.858,0
2026-03-03 15:30:00,HH_001,0.35,0.006,231.442,1.511,0.0,0.0,11.946,20.552,40.585,0.29,0,Off,1.912,0
2026-03-03 15:45:00,HH_001,0.275,0.029,227.263,1.211,0.0,0.0,7.187,21.587,34.767,0.303,0,Off,1.841,0
2026-03-03 16:00:00,HH_001,0.222,0.015,229.742,0.967,0.0,0.0,10.953,21.267,35.028,0.291,0,Off,1.477,0
2026-03-03 16:15:00,HH_001,0.279,0.038,228.338,1.22,0.0,0.0,7.646,19.292,39.253,0.271,0,Off,1.262,0
2026-03-03 16:30:00,HH_001,0.375,0.044,229.692,1.633,0.0,0.0,11.62,20.444,41.085,0.281,0,Off,1.333,0
2026-03-03 16:45:00,HH_001,0.343,0.034,233.501,1.467,0.0,0.0,13.149,20.775,36.346,0.288,0,Off,1.308,0
2026-03-03 17:00:00,HH_001,0.283,0.027,230.438,1.226,0.0,0.0,12.78,16.661,48.126,0.305,0,Off,0.849,0
2026-03-03 17:15:00,HH_001,1.157,0.101,231.349,5.002,0.0,0.0,12.609,17.529,55.32,0.32,0,Off,0.724,1
2026-03-03 17:30:00,HH_001,0.284,0.03,232.941,1.219,0.0,0.0,6.877,14.347,55.662,0.539,0,Off,0.808,0
2026-03-03 17:45:00,HH_001,0.404,0.058,231.691,1.743,0.0,0.0,5.884,16.564,45.242,0.517,0,Off,0.556,0
2026-03-03 18:00:00,HH_001,2.919,0.672,229.328,12.729,4.184,0.0,71.989,14.747,56.511,0.532,4,On,0.027,0
2026-03-03 18:15:00,HH_001,2.622,0.662,228.086,11.493,1.0,0.0,68.683,13.752,50.455,1.191,2,On,0.089,0
2026-03-03 18:30:00,HH_001,2.502,0.671,229.955,10.878,16.873,0.0,69.323,16.632,36.545,1.557,1,On,0.008,0
2026-03-03 18:45:00,HH_001,2.462,0.656,229.148,10.744,19.624,0.0,65.311,13.57,47.82,2.111,1,On,0.107,0
2026-03-03 19:00:00,HH_001,2.437,0.67,227.713,10.702,15.863,27.628,67.596,11.972,46.703,2.626,1,On,0.0,0
2026-03-03 19:15:00,HH_001,2.44,0.633,230.361,10.593,17.076,31.034,65.337,12.543,53.157,2.506,1,On,0.0,0
2026-03-03 19:30:00,HH_001,2.596,0.623,230.399,11.269,4.84,30.403,73.792,13.853,52.386,2.46,2,On,0.0,0
2026-03-03 19:45:00,HH_001,2.898,0.694,232.654,12.457,19.213,22.245,67.434,10.976,66.43,2.484,4,On,0.0,0
2026-03-03 20:00:00,HH_001,2.936,0.701,229.457,12.797,3.939,10.462,70.573,11.163,59.308,2.593,4,On,0.0,0
2026-03-03 20:15:00,HH_001,10.759,1.503,230.42,46.694,19.029,27.488,65.39,10.01,58.884,2.718,3,On,0.0,1
2026-03-03 20:30:00,HH_001,2.637,0.687,229.002,11.514,19.896,17.593,71.668,9.018,66.11,4.798,2,On,0.0,0
2026-03-03 20:45:00,HH_001,2.446,0.655,231.31,10.574,14.234,23.508,68.23,10.462,48.02,4.808,1,On,0.0,0
2026-03-03 21:00:00,HH_001,2.604,0.676,229.813,11.331,19.623,38.727,73.979,8.128,64.922,4.695,2,On,0.0,0
2026-03-03 21:15:00,HH_001,2.65,0.661,228.241,11.611,11.391,21.971,73.881,7.329,69.197,4.611,3,On,0.0,0
2026-03-03 21:30:00,HH_001,2.796,0.655,229.98,12.157,5.191,35.194,68.253,7.999,56.61,2.584,3,On,0.0,0
2026-03-03 21:45:00,HH_001,2.617,0.664,230.586,11.351,8.74,15.656,74.01,7.544,70.632,2.624,2,On,0.0,0
2026-03-03 22:00:00,HH_001,2.65,0.685,230.383,11.502,11.871,0.0,74.962,6.453,68.786,2.667,2,On,0.0,0
2026-03-03 22:15:00,HH_001,2.455,0.659,231.569,10.602,1.462,0.0,73.254,7.002,63.92,2.678,2,On,0.0,0
2026-03-03 22:30:00,HH_001,3.004,0.717,227.828,13.187,12.447,0.0,73.449,7.926,67.312,2.63,4,On,0.0,0
2026-03-03 22:45:00,HH_001,2.443,0.636,228.736,10.681,19.624,0.0,67.49,5.102,81.15,2.682,1,On,0.0,0
2026-03-03 23:00:00,HH_001,2.655,0.66,230.96,11.497,3.802,0.0,70.767,7.474,65.962,2.638,2,On,0.0,0
2026-03-03 23:15:00,HH_001,2.548,0.664,228.912,11.131,15.852,0.0,65.673,3.389,74.464,2.64,2,On,0.0,0
2026-03-03 23:30:00,HH_001,2.631,0.652,230.361,11.42,18.158,0.0,65.949,5.189,67.325,2.663,2,On,0.0,0
2026-03-03 23:45:00,HH_001,2.697,0.659,226.37,11.916,18.874,0.0,74.989,5.929,63.893,2.569,3,On,0.0,0
2026-03-04 00:00:00,HH_001,2.719,0.678,234.074,11.615,19.203,0.0,68.266,5.281,73.59,2.633,3,On,0.0,0
2026-03-04 00:15:00,HH_001,2.996,0.715,229.595,13.048,10.429,0.0,72.482,4.377,66.965,2.649,4,On,0.0,0
2026-03-04 00:30:00,HH_001,2.44,0.64,231.791,10.529,19.546,0.0,73.067,4.792,70.774,2.761,1,On,0.0,0
2026-03-04 00:45:00,HH_001,2.911,0.668,229.495,12.684,15.146,0.0,73.58,4.507,68.598,2.713,4,On,0.0,0
2026-03-04 01:00:00,HH_001,2.494,0.635,230.622,10.812,3.233,0.0,74.976,4.751,72.892,2.766,1,On,0.0,0
2026-03-04 01:15:00,HH_001,2.775,0.682,232.238,11.948,9.538,0.0,67.415,6.19,69.288,2.71,3,On,0.0,0
2026-03-04 01:30:00,HH_001,2.758,0.68,231.749,11.899,14.367,0.0,65.404,5.698,73.792,2.655,3,On,0.0,0
2026-03-04 01:45:00,HH_001,2.768,0.682,229.693,12.052,4.947,0.0,69.112,4.648,68.154,2.734,3,On,0.0,0
2026-03-04 02:00:00,HH_001,3.02,0.712,229.797,13.143,12.812,0.0,66.301,7.239,64.172,2.699,4,On,0.0,0
2026-03-04 02:15:00,HH_001,2.597,0.66,231.505,11.218,13.332,0.0,65.224,6.647,61.812,2.83,2,On,0.0,0
2026-03-04 02:30:00,HH_001,2.61,0.666,233.5,11.178,3.254,0.0,68.604,7.153,63.473,2.786,2,On,0.0,0
2026-03-04 02:45:00,HH_001,2.803,0.679,230.288,12.17,11.302,0.0,72.837,6.969,67.948,2.749,3,On,0.0,0
2026-03-01 00:00:00,HH_002,2.767,0.704,232.788,11.886,6.708,0.0,65.258,3.188,75.741,1.718,3,On,0.0,0
2026-03-01 00:15:00,HH_002,2.914,0.659,231.473,12.589,19.045,0.0,67.218,5.641,79.123,2.767,4,On,0.0,0
2026-03-01 00:30:00,HH_002,2.758,0.681,232.578,11.858,10.661,0.0,72.805,3.799,63.681,2.841,3,On,0.0,0
2026-03-01 00:45:00,HH_002,2.732,0.662,226.261,12.073,12.631,0.0,67.012,5.692,71.527,2.813,3,On,0.0,0
2026-03-01 01:00:00,HH_002,2.737,0.676,230.145,11.895,10.859,0.0,65.801,6.676,66.319,2.793,3,On,0.0,0
2026-03-01 01:15:00,HH_002,2.547,0.669,229.514,11.095,2.588,0.0,69.745,5.97,70.312,2.785,2,On,0.0,0
2026-03-01 01:30:00,HH_002,2.789,0.683,229.813,12.138,7.516,0.0,65.1,6.412,65.022,2.693,4,On,0.0,0
2026-03-01 01:45:00,HH_002,2.805,0.66,228.793,12.261,1.983,0.0,65.848,7.361,64.548,2.701,3,On,0.0,0
2026-03-01 02:00:00,HH_002,2.458,0.636,230.594,10.659,12.459,0.0,73.076,7.307,66.034,2.72,1,On,0.0,0
2026-03-01 02:15:00,HH_002,2.6,0.689,227.287,11.441,8.937,0.0,72.715,6.67,65.151,2.65,2,On,0.0,0
2026-03-01 02:30:00,HH_002,2.62,0.669,230.605,11.361,15.56,0.0,74.151,7.974,56.45,2.663,2,On,0.0,0
2026-03-01 02:45:00,HH_002,2.859,0.703,228.842,12.491,4.409,0.0,73.545,8.095,62.641,2.621,4,On,0.0,0
2026-03-01 03:00:00,HH_002,2.7,0.675,229.249,11.777,3.291,0.0,71.832,9.698,53.522,2.634,3,On,0.0,0
2026-03-01 03:15:00,HH_002,2.886,0.705,230.658,12.511,8.127,0.0,65.523,7.437,68.392,2.695,4,On,0.0,0
2026-03-01 03:30:00,HH_002,2.668,0.659,230.118,11.596,18.532,0.0,72.828,6.575,57.522,2.766,2,On,0.0,0
2026-03-01 03:45:00,HH_002,2.692,0.654,231.581,11.623,14.208,0.0,73.455,7.376,70.392,2.778,3,On,0.0,0
2026-03-01 04:00:00,HH_002,2.319,0.647,228.546,10.145,8.378,0.0,72.991,10.704,60.741,2.736,1,On,0.0,0
2026-03-01 04:15:00,HH_002,2.724,0.695,229.879,11.849,10.345,0.0,70.085,10.159,61.849,2.641,3,On,0.0,0
2026-03-01 04:30:00,HH_002,2.657,0.647,231.333,11.486,1.684,0.0,67.329,9.794,49.591,2.601,2,On,0.0,0
2026-03-01 04:45:00,HH_002,2.363,0.625,230.542,10.251,19.692,0.0,73.453,10.56,57.236,2.598,1,On,0.0,0
2026-03-01 05:00:00,HH_002,2.691,0.666,230.638,11.668,13.328,0.0,72.272,10.941,63.886,2.516,3,On,0.0,0
2026-03-01 05:15:00,HH_002,2.463,0.679,231.662,10.633,5.708,0.0,74.808,12.553,52.301,2.609,1,On,0.0,0
2026-03-01 05:30:00,HH_002,2.578,0.669,229.391,11.241,11.716,0.0,66.557,13.53,47.549,2.544,1,On,0.0,0
2026-03-01 05:45:00,HH_002,2.532,0.627,229.075,11.054,2.19,0.0,67.257,12.961,50.894,2.524,2,On,0.0,0
2026-03-01 06:00:00,HH_002,2.38,0.636,230.864,10.31,19.317,0.0,67.118,15.692,48.275,2.566,1,On,0.0,0
2026-03-01 06:15:00,HH_002,2.917,0.687,229.776,12.695,3.496,0.0,72.925,16.597,42.548,2.488,4,On,0.0,0
2026-03-01 06:30:00,HH_002,2.66,0.643,231.683,11.482,12.961,0.0,66.869,14.934,56.301,2.602,2,On,0.0,0
2026-03-01 06:45:00,HH_002,2.869,0.685,230.555,12.443,4.909,0.0,65.667,14.347,50.983,2.622,4,On,0.0,0
2026-03-01 07:00:00,HH_002,0.369,0.031,229.065,1.611,14.351,0.0,14.986,18.778,39.667,2.707,1,Off,0.199,0
2026-03-01 07:15:00,HH_002,0.922,0.085,230.508,3.999,15.536,0.0,5.248,18.759,35.975,2.204,4,Off,0.0,0
2026-03-01 07:30:00,HH_002,0.781,0.07,228.646,3.415,13.468,0.0,13.352,18.146,46.129,1.705,3,Off,0.017,0
2026-03-01 07:45:00,HH_002,2.539,0.683,231.42,10.971,12.29,0.0,68.654,17.428,47.453,1.235,1,On,0.051,0
2026-03-01 08:00:00,HH_002,0.783,0.071,227.904,3.435,17.849,0.0,13.416,20.001,36.036,1.153,3,Off,0.949,0
2026-03-01 08:15:00,HH_002,0.941,0.095,231.833,4.061,1.573,0.0,10.546,18.723,31.372,1.256,4,Off,0.65,0
2026-03-01 08:30:00,HH_002,0.737,0.073,230.481,3.197,6.618,0.0,14.016,21.113,39.828,1.261,3,Off,0.525,0
2026-03-01 08:45:00,HH_002,0.572,0.047,229.753,2.49,4.966,0.0,14.262,21.078,36.911,1.25,1,Off,0.853,0
2026-03-01 09:00:00,HH_002,0.28,0.03,231.145,1.212,0.0,0.0,5.091,20.759,40.162,0.758,0,Off,1.268,0
2026-03-01 09:15:00,HH_002,0.269,0.028,230.767,1.167,0.0,0.0,5.754,22.939,43.908,0.633,0,Off,1.315,0
2026-03-01 09:30:00,HH_002,0.39,0.041,231.996,1.683,0.0,0.0,7.504,22.475,34.916,0.465,0,Off,1.24,0
2026-03-01 09:45:00,HH_002,0.226,0.005,231.982,0.975,0.0,0.0,11.693,21.049,35.333,0.378,0,Off,1.316,0
2026-03-01 10:00:00,HH_002,0.208,0.017,230.528,0.901,0.0,0.0,13.883,22.454,30.0,0.292,0,Off,1.805,0
2026-03-01 10:15:00,HH_002,0.306,0.046,228.692,1.338,0.0,0.0,9.599,24.034,30.37,0.273,0,Off,1.957,0
2026-03-01 10:30:00,HH_002,0.3,0.026,229.188,1.309,0.0,0.0,11.07,23.263,34.278,0.283,0,Off,1.897,0
2026-03-01 10:45:00,HH_002,0.289,0.032,229.893,1.255,0.0,0.0,6.885,25.48,30.0,0.26,0,Off,1.821,0
2026-03-01 11:00:00,HH_002,0.35,0.038,231.623,1.51,0.0,0.0,13.05,25.612,37.394,0.276,0,Off,2.374,0
2026-03-01 11:15:00,HH_002,0.255,0.034,229.315,1.11,0.0,0.0,14.673,25.133,32.23,0.311,0,Off,2.3,0
2026-03-01 11:30:00,HH_002,0.303,0.041,229.441,1.322,0.0,0.0,7.686,25.182,30.0,0.298,0,Off,2.089,0
2026-03-01 11:45:00,HH_002,0.282,0.025,232.773,1.211,0.0,0.0,9.948,25.99,30.0,0.299,0,Off,2.366,0
2026-03-01 12:00:00,HH_002,0.255,0.007,229.844,1.111,0.0,0.0,5.861,25.847,30.0,0.297,0,Off,2.493,0
2026-03-01 12:15:00,HH_002,0.297,0.005,229.048,1.296,0.0,0.0,10.591,25.5,30.0,0.274,0,Off,2.614,0
2026-03-01 12:30:00,HH_002,0.343,0.055,231.165,1.482,0.0,0.0,10.028,24.02,32.86,0.284,0,Off,2.487,0
2026-03-01 12:45:00,HH_002,0.406,0.056,229.916,1.766,0.0,0.0,6.444,28.062,30.0,0.294,0,Off,2.395,0
2026-03-01 13:00:00,HH_002,0.329,0.046,227.916,1.443,0.0,0.0,9.421,23.556,31.806,0.325,0,Off,2.454,0
2026-03-01 13:15:00,HH_002,0.174,0.034,231.561,0.753,0.0,0.0,8.341,24.347,30.0,0.344,0,Off,2.555,0
2026-03-01 13:30:00,HH_002,0.298,0.027,228.879,1.302,0.0,0.0,10.218,23.005,30.0,0.313,0,Off,2.397,0
2026-03-01 13:45:00,HH_002,0.302,0.018,230.065,1.315,0.0,0.0,10.857,25.198,35.323,0.302,0,Off,2.431,0
2026-03-01 14:00:00,HH_002,0.347,0.015,229.898,1.509,0.0,0.0,5.085,23.811,34.394,0.276,0,Off,2.252,0
2026-03-01 14:15:00,HH_002,0.309,0.009,230.345,1.343,0.0,0.0,12.61,24.426,33.287,0.28,0,Off,2.159,0
2026-03-01 14:30:00,HH_002,0.363,0.061,226.713,1.6,0.0,0.0,12.13,21.921,30.0,0.314,0,Off,2.198,0
2026-03-01 14:45:00,HH_002,0.32,0.022,229.497,1.393,0.0,0.0,8.663,24.773,37.353,0.33,0,Off,2.291,0
2026-03-01 15:00:00,HH_002,0.378,0.059,231.687,1.631,0.0,0.0,5.529,21.264,35.147,0.335,0,Off,2.01,0
2026-03-01 15:15:00,HH_002,0.278,0.024,231.898,1.199,0.0,0.0,12.549,21.922,34.712,0.342,0,Off,1.921,0
2026-03-01 15:30:00,HH_002,0.307,0.017,228.513,1.344,0.0,0.0,14.552,23.003,30.0,0.335,0,Off,1.885,0
2026-03-01 15:45:00,HH_002,0.341,0.012,231.381,1.475,0.0,0.0,7.402,22.332,30.0,0.321,0,Off,1.806,0
2026-03-01 16:00:00,HH_002,0.271,0.015,228.858,1.186,0.0,0.0,8.235,20.332,45.123,0.326,0,Off,1.461,0
2026-03-01 16:15:00,HH_002,0.26,0.054,229.438,1.135,0.0,0.0,6.838,20.799,44.835,0.3,0,Off,1.395,0
2026-03-01 16:30:00,HH_002,0.269,0.005,229.517,1.17,0.0,0.0,10.769,20.429,38.315,0.295,0,Off,1.281,0
2026-03-01 16:45:00,HH_002,0.263,0.069,230.163,1.141,0.0,0.0,6.548,19.659,37.285,0.285,0,Off,1.441,0
2026-03-01 17:00:00,HH_002,0.326,0.016,231.502,1.409,0.0,0.0,8.562,17.422,43.271,0.266,0,Off,0.76,0
2026-03-01 17:15:00,HH_002,0.208,0.036,230.397,0.904,0.0,0.0,11.97,17.8,42.652,0.279,0,Off,0.623,0
2026-03-01 17:30:00,HH_002,0.222,0.019,229.811,0.967,0.0,0.0,10.601,16.693,40.615,0.266,0,Off,0.694,0
2026-03-01 17:45:00,HH_002,0.393,0.033,231.451,1.699,0.0,0.0,8.865,18.584,41.37,0.255,0,Off,0.655,0
2026-03-01 18:00:00,HH_002,2.714,0.646,228.796,11.861,16.511,0.0,69.202,15.289,50.188,0.287,3,On,0.263,0
2026-03-01 18:15:00,HH_002,2.91,0.689,229.884,12.659,15.826,0.0,70.621,15.075,54.941,0.884,4,On,0.053,0
2026-03-01 18:30:00,HH_002,2.826,0.659,231.494,12.206,4.018,0.0,65.059,16.192,47.686,1.56,4,On,0.019,0
2026-03-01 18:45:00,HH_002,2.905,0.657,230.794,12.586,16.102,0.0,65.785,14.88,42.358,2.211,4,On,0.047,0
2026-03-01 19:00:00,HH_002,2.414,0.644,229.301,10.528,17.003,26.482,73.813,12.229,57.309,2.838,1,On,0.0,0
2026-03-01 19:15:00,HH_002,2.822,0.669,227.731,12.391,5.783,27.726,65.779,11.927,54.866,2.764,4,On,0.0,0
2026-03-01 19:30:00,HH_002,2.517,0.685,230.466,10.921,19.045,29.582,72.068,12.755,61.342,2.742,1,On,0.0,0
2026-03-01 19:45:00,HH_002,2.809,0.701,227.632,12.341,0.997,17.67,74.2,12.72,61.707,2.664,3,On,0.0,0
2026-03-01 20:00:00,HH_002,2.895,0.723,229.681,12.603,2.998,20.937,67.707,9.334,68.655,2.64,4,On,0.0,0
2026-03-01 20:15:00,HH_002,2.8,0.666,231.768,12.081,10.752,35.31,68.705,9.822,57.547,2.761,3,On,0.0,0
2026-03-01 20:30:00,HH_002,2.695,0.672,230.895,11.673,11.516,15.848,70.689,9.34,71.268,2.755,2,On,0.0,0
2026-03-01 20:45:00,HH_002,2.788,0.626,226.965,12.283,12.903,34.806,73.817,9.295,63.164,2.8,3,On,0.0,0
2026-03-01 21:00:00,HH_002,2.624,0.657,230.301,11.394,0.339,26.88,74.419,6.199,75.734,2.794,2,On,0.0,0
2026-03-01 21:15:00,HH_002,2.76,0.678,229.521,12.025,19.207,32.866,72.396,7.698,62.091,2.727,3,On,0.0,0
2026-03-01 21:30:00,HH_002,2.482,0.651,228.089,10.884,0.892,31.408,65.866,6.227,66.054,2.717,1,On,0.0,0
2026-03-01 21:45:00,HH_002,2.732,0.672,230.503,11.852,2.861,16.225,71.692,7.466,66.438,2.664,3,On,0.0,0
2026-03-01 22:00:00,HH_002,2.436,0.645,229.262,10.626,0.28,0.0,69.103,5.727,69.305,2.65,1,On,0.0,0
2026-03-01 22:15:00,HH_002,2.473,0.593,229.272,10.784,11.337,0.0,69.707,7.392,71.491,2.603,1,On,0.0,0
2026-03-01 22:30:00,HH_002,2.876,0.693,230.186,12.496,18.645,0.0,65.491,5.325,68.19,2.531,4,On,0.0,0
2026-03-01 22:45:00,HH_002,2.432,0.653,229.061,10.616,13.319,0.0,66.911,5.579,74.666,2.629,1,On,0.0,0
2026-03-01 23:00:00,HH_002,2.6,0.687,230.144,11.297,16.453,0.0,72.905,4.959,73.743,2.554,2,On,0.0,0
2026-03-01 23:15:00,HH_002,2.958,0.703,229.11,12.909,0.266,0.0,69.54,4.761,69.412,2.595,4,On,0.0,0
2026-03-01 23:30:00,HH_002,2.843,0.682,229.192,12.406,10.84,0.0,68.017,6.71,69.853,2.716,4,On,0.0,0
2026-03-01 23:45:00,HH_002,2.788,0.701,231.489,12.044,9.191,0.0,68.84,4.202,69.229,2.708,3,On,0.0,0
2026-03-02 00:00:00,HH_002,2.49,0.602,231.642,10.748,9.979,0.0,73.544,4.621,82.51,2.797,1,On,0.0,0
2026-03-02 00:15:00,HH_002,2.489,0.639,227.437,10.945,1.444,0.0,72.49,5.332,56.014,2.77,1,On,0.0,0
2026-03-02 00:30:00,HH_002,2.56,0.641,231.121,11.075,13.689,0.0,67.723,5.881,71.602,2.653,2,On,0.0,0
2026-03-02 00:45:00,HH_002,2.665,0.666,232.098,11.484,10.064,0.0,66.175,4.62,61.938,2.582,3,On,0.0,0
2026-03-02 01:00:00,HH_002,2.778,0.634,232.336,11.957,15.303,0.0,67.52,3.423,72.026,2.551,3,On,0.0,0
2026-03-02 01:15:00,HH_002,2.909,0.717,230.781,12.607,9.706,0.0,74.208,5.191,69.191,2.623,4,On,0.0,0
2026-03-02 01:30:00,HH_002,2.95,0.69,228.414,12.916,2.988,0.0,70.816,6.693,74.153,2.728,4,On,0.0,0
2026-03-02 01:45:00,HH_002,2.865,0.693,230.945,12.405,12.965,0.0,70.335,5.623,65.293,2.826,4,On,0.0,0
2026-03-02 02:00:00,HH_002,2.638,0.668,228.696,11.535,3.448,0.0,70.964,6.576,73.388,2.876,2,On,0.0,0
2026-03-02 02:15:00,HH_002,2.653,0.691,229.486,11.559,17.448,0.0,68.66,5.277,63.552,2.841,2,On,0.0,0
2026-03-02 02:30:00,HH_002,2.895,0.652,230.575,12.557,12.262,0.0,73.071,5.174,76.385,2.776,4,On,0.0,0
2026-03-02 02:45:00,HH_002,2.771,0.679,228.793,12.111,3.144,0.0,70.233,6.358,64.913,2.763,3,On,0.0,0
2026-03-02 03:00:00,HH_002,2.619,0.685,228.28,11.473,19.247,0.0,66.167,6.503,67.362,2.739,2,On,0.0,0
2026-03-02 03:15:00,HH_002,2.709,0.669,230.699,11.742,10.367,0.0,66.291,8.71,60.898,2.734,3,On,0.0,0
2026-03-02 03:30:00,HH_002,2.777,0.659,232.801,11.927,1.458,0.0,70.369,7.082,72.247,2.749,3,On,0.0,0
2026-03-02 03:45:00,HH_002,2.531,0.641,231.865,10.916,12.537,0.0,74.366,7.904,69.63,2.719,1,On,0.0,0
2026-03-02 04:00:00,HH_002,2.901,0.682,231.061,12.556,5.064,0.0,68.084,8.114,65.989,2.659,4,On,0.0,0
2026-03-02 04:15:00,HH_002,2.377,0.623,231.469,10.269,16.074,0.0,73.695,9.606,55.028,2.729,1,On,0.0,0
2026-03-02 04:30:00,HH_002,2.866,0.684,230.957,12.408,16.356,0.0,72.641,8.814,58.797,2.646,4,On,0.0,0
2026-03-02 04:45:00,HH_002,2.811,0.711,230.675,12.186,19.579,0.0,67.478,7.678,59.501,2.669,4,On,0.0,0
2026-03-02 05:00:00,HH_002,2.815,0.67,231.348,12.166,10.037,0.0,65.363,12.954,42.852,2.739,3,On,0.0,0
2026-03-02 05:15:00,HH_002,2.938,0.684,227.947,12.89,9.099,0.0,66.018,14.053,58.201,2.717,4,On,0.0,0
2026-03-02 05:30:00,HH_002,2.725,0.682,230.299,11.832,15.07,0.0,72.285,13.541,51.278,2.857,3,On,0.0,0
2026-03-02 05:45:00,HH_002,2.679,0.664,229.879,11.654,2.649,0.0,66.997,13.094,52.121,2.822,3,On,0.0,0
2026-03-02 06:00:00,HH_002,2.858,0.659,230.118,12.421,10.938,0.0,68.713,14.586,58.309,2.789,4,On,0.0,0
2026-03-02 06:15:00,HH_002,2.718,0.671,229.308,11.853,10.925,0.0,70.017,15.806,46.008,2.8,3,On,0.0,0
2026-03-02 06:30:00,HH_002,2.755,0.674,230.781,11.94,1.789,0.0,72.255,16.224,43.35,2.745,3,On,0.0,0
2026-03-02 06:45:00,HH_002,2.754,0.695,228.773,12.037,8.36,0.0,66.132,15.137,48.603,2.753,3,On,0.0,0
2026-03-02 07:00:00,HH_002,2.667,0.647,229.199,11.636,17.066,0.0,69.064,16.404,41.529,2.771,2,On,0.138,0
2026-03-02 07:15:00,HH_002,2.715,0.691,229.019,11.856,17.123,0.0,69.851,17.089,47.544,2.724,3,On,0.0,0
2026-03-02 07:30:00,HH_002,0.525,0.051,231.296,2.268,1.985,0.0,10.408,19.291,39.55,2.723,2,Off,0.0,0
2026-03-02 07:45:00,HH_002,2.542,0.632,229.982,11.054,1.814,0.0,73.184,17.513,42.437,2.165,2,On,0.084,0
2026-03-02 08:00:00,HH_002,2.749,0.649,229.309,11.988,5.254,0.0,66.717,16.675,43.68,2.112,3,On,0.687,0
2026-03-02 08:15:00,HH_002,0.714,0.11,229.44,3.11,17.495,0.0,13.078,18.531,42.407,2.133,3,Off,0.597,0
2026-03-02 08:30:00,HH_002,0.585,0.055,230.006,2.545,2.578,0.0,11.929,19.576,41.266,1.632,2,Off,0.578,0
2026-03-02 08:45:00,HH_002,0.577,0.076,232.433,2.484,14.4,0.0,10.559,21.036,35.328,1.647,2,Off,0.857,0
2026-03-02 09:00:00,HH_002,0.35,0.001,228.145,1.532,0.0,0.0,11.995,21.798,34.61,1.156,0,Off,1.365,0
2026-03-02 09:15:00,HH_002,0.271,0.08,231.013,1.172,0.0,0.0,9.12,23.125,33.341,0.556,0,Off,1.293,0
2026-03-02 09:30:00,HH_002,0.281,0.046,230.708,1.219,0.0,0.0,6.384,21.545,35.998,0.446,0,Off,1.328,0
2026-03-02 09:45:00,HH_002,0.336,0.028,228.676,1.469,0.0,0.0,11.658,20.107,39.942,0.37,0,Off,1.432,0
2026-03-02 10:00:00,HH_002,0.272,0.021,232.2,1.17,0.0,0.0,10.247,23.169,30.279,0.309,0,Off,1.86,0
2026-03-02 10:15:00,HH_002,0.321,0.047,230.809,1.391,0.0,0.0,11.394,24.005,37.013,0.29,0,Off,1.744,0
2026-03-02 10:30:00,HH_002,0.317,0.045,229.238,1.381,0.0,0.0,8.38,23.922,32.64,0.302,0,Off,1.922,0
2026-03-02 10:45:00,HH_002,0.307,0.034,227.211,1.352,0.0,0.0,14.069,22.405,32.67,0.311,0,Off,2.01,0
2026-03-02 11:00:00,HH_002,0.243,0.025,230.344,1.056,0.0,0.0,10.874,24.308,33.106,0.304,0,Off,2.388,0
2026-03-02 11:15:00,HH_002,0.361,0.047,229.933,1.572,0.0,0.0,5.854,27.344,30.0,0.297,0,Off,2.218,0
2026-03-02 11:30:00,HH_002,0.411,0.006,228.454,1.799,0.0,0.0,9.498,23.426,30.0,0.307,0,Off,2.401,0
2026-03-02 11:45:00,HH_002,0.3,0.023,228.435,1.315,0.0,0.0,12.564,25.32,31.065,0.331,0,Off,2.295,0
2026-03-02 12:00:00,HH_002,0.248,0.0,231.303,1.071,0.0,0.0,12.941,22.903,30.0,0.329,0,Off,2.599,0
2026-03-02 12:15:00,HH_002,0.301,0.042,227.066,1.328,0.0,0.0,9.946,25.864,32.945,0.33,0,Off,2.532,0
2026-03-02 12:30:00,HH_002,0.349,0.021,230.471,1.516,0.0,0.0,13.947,24.108,30.576,0.315,0,Off,2.322,0
2026-03-02 12:45:00,HH_002,0.269,0.0,229.719,1.172,0.0,0.0,7.677,25.402,33.096,0.3,0,Off,2.649,0
2026-03-02 13:00:00,HH_002,0.294,0.013,230.746,1.272,0.0,0.0,9.106,23.368,30.113,0.292,0,Off,2.48,0
2026-03-02 13:15:00,HH_002,0.317,0.035,229.559,1.381,0.0,0.0,13.986,24.95,30.449,0.303,0,Off,2.532,0
2026-03-02 13:30:00,HH_002,0.36,0.032,230.44,1.563,0.0,0.0,13.963,23.751,38.55,0.307,0,Off,2.34,0
2026-03-02 13:45:00,HH_002,0.339,0.01,228.886,1.48,0.0,0.0,11.857,23.944,30.766,0.31,0,Off,2.525,0
2026-03-02 14:00:00,HH_002,0.341,0.0,229.926,1.482,0.0,0.0,13.59,24.102,30.0,0.327,0,Off,2.384,0
2026-03-02 14:15:00,HH_002,0.279,0.029,230.734,1.208,0.0,0.0,5.888,23.23,36.815,0.339,0,Off,2.468,0
2026-03-02 14:30:00,HH_002,0.32,0.02,230.226,1.39,0.0,0.0,13.65,24.041,35.097,0.33,0,Off,2.414,0
2026-03-02 14:45:00,HH_002,0.264,0.021,230.57,1.145,0.0,0.0,8.206,23.469,30.317,0.32,0,Off,2.33,0
2026-03-02 15:00:00,HH_002,0.342,0.031,228.608,1.497,0.0,0.0,6.783,22.139,30.0,0.301,0,Off,1.735,0
2026-03-02 15:15:00,HH_002,0.358,0.044,229.114,1.561,0.0,0.0,7.394,22.516,31.918,0.301,0,Off,1.903,0
2026-03-02 15:30:00,HH_002,0.328,0.05,229.14,1.43,0.0,0.0,9.18,21.721,39.945,0.321,0,Off,1.83,0
2026-03-02 15:45:00,HH_002,0.282,0.031,229.585,1.227,0.0,0.0,7.512,21.075,33.975,0.323,0,Off,1.913,0
2026-03-02 16:00:00,HH_002,0.29,0.023,232.038,1.249,0.0,0.0,8.206,19.468,41.01,0.327,0,Off,1.23,0
2026-03-02 16:15:00,HH_002,0.39,0.04,229.469,1.701,0.0,0.0,6.35,21.195,34.322,0.314,0,Off,1.331,0
2026-03-02 16:30:00,HH_002,0.282,0.021,228.285,1.237,0.0,0.0,7.962,20.116,30.107,0.322,0,Off,1.3,0
2026-03-02 16:45:00,HH_002,0.352,0.002,230.812,1.527,0.0,0.0,10.723,19.155,38.312,0.311,0,Off,1.297,0
2026-03-02 17:00:00,HH_002,0.317,0.054,232.02,1.366,0.0,0.0,9.419,17.99,47.386,0.329,0,Off,0.651,0
2026-03-02 17:15:00,HH_002,0.283,0.046,228.108,1.242,0.0,0.0,8.467,18.057,32.036,0.336,0,Off,0.691,0
2026-03-02 17:30:00,HH_002,0.233,0.063,232.959,0.999,0.0,0.0,12.465,18.108,45.044,0.309,0,Off,0.733,0
2026-03-02 17:45:00,HH_002,0.311,0.077,230.623,1.347,0.0,0.0,13.935,16.61,40.849,0.296,0,Off,0.454,0
2026-03-02 18:00:00,HH_002,2.755,0.652,231.551,11.896,15.879,0.0,72.568,14.318,54.407,0.286,3,On,0.0,0
2026-03-02 18:15:00,HH_002,2.84,0.677,232.201,12.232,9.73,0.0,68.32,14.323,54.925,0.895,3,On,0.0,0
2026-03-02 18:30:00,HH_002,2.857,0.736,231.459,12.343,6.681,0.0,72.444,14.639,49.862,1.535,4,On,0.0,0
2026-03-02 18:45:00,HH_002,2.715,0.671,229.834,11.812,2.136,0.0,66.52,15.539,48.074,2.191,2,On,0.019,0
2026-03-02 19:00:00,HH_002,2.619,0.667,231.827,11.297,4.777,34.906,66.303,12.708,50.552,2.792,2,On,0.0,0
2026-03-02 19:15:00,HH_002,2.919,0.661,230.382,12.67,18.986,29.92,68.456,12.787,47.698,2.758,4,On,0.0,0
2026-03-02 19:30:00,HH_002,2.57,0.66,231.636,11.097,6.102,20.151,73.077,13.766,60.959,2.777,2,On,0.0,0
2026-03-02 19:45:00,HH_002,2.466,0.685,231.8,10.637,3.377,38.066,67.463,13.101,49.473,2.706,1,On,0.0,0
2026-03-02 20:00:00,HH_002,2.624,0.688,228.364,11.489,9.213,37.366,65.633,9.858,68.123,2.643,2,On,0.0,0
2026-03-02 20:15:00,HH_002,2.947,0.682,231.191,12.746,6.142,16.28,66.317,8.816,58.07,2.645,4,On,0.0,0
2026-03-02 20:30:00,HH_002,2.401,0.632,229.727,10.452,0.703,11.183,73.587,9.285,64.055,2.652,1,On,0.0,0
2026-03-02 20:45:00,HH_002,2.82,0.659,230.207,12.251,6.463,32.239,71.338,9.738,54.834,2.609,3,On,0.0,0
2026-03-02 21:00:00,HH_002,2.918,0.675,230.191,12.677,10.882,34.828,67.532,8.758,65.101,2.698,4,On,0.0,0
2026-03-02 21:15:00,HH_002,2.93,0.655,230.13,12.734,11.034,39.036,70.553,7.902,62.569,2.772,4,On,0.0,0
2026-03-02 21:30:00,HH_002,2.739,0.672,232.285,11.791,7.131,36.695,70.276,7.273,63.892,2.767,3,On,0.0,0
2026-03-02 21:45:00,HH_002,2.854,0.716,227.95,12.518,8.946,28.016,71.554,7.196,68.658,2.852,4,On,0.0,0
2026-03-02 22:00:00,HH_002,2.604,0.667,227.416,11.449,19.31,0.0,67.332,6.27,65.114,2.86,2,On,0.0,0
2026-03-02 22:15:00,HH_002,2.759,0.703,227.1,12.15,7.547,0.0,73.644,7.23,58.4,2.782,3,On,0.0,0
2026-03-02 22:30:00,HH_002,2.831,0.705,231.604,12.222,5.165,0.0,68.094,7.931,67.945,2.739,4,On,0.0,0
2026-03-02 22:45:00,HH_002,2.79,0.668,228.84,12.19,4.869,0.0,71.941,6.134,62.003,2.762,3,On,0.0,0
2026-03-02 23:00:00,HH_002,2.8,0.665,230.198,12.163,9.155,0.0,65.161,5.296,71.991,2.746,3,On,0.0,0
2026-03-02 23:15:00,HH_002,2.714,0.657,229.828,11.807,15.19,0.0,68.727,4.127,76.611,2.795,3,On,0.0,0
2026-03-02 23:30:00,HH_002,2.399,0.606,228.67,10.491,4.12,0.0,68.517,7.28,63.563,2.783,1,On,0.0,0
2026-03-02 23:45:00,HH_002,2.885,0.689,231.277,12.474,14.186,0.0,70.435,3.94,78.032,2.675,4,On,0.0,0
2026-03-03 00:00:00,HH_002,2.451,0.587,229.809,10.666,0.423,0.0,65.727,6.172,70.066,2.699,1,On,0.0,0
2026-03-03 00:15:00,HH_002,2.887,0.701,229.643,12.571,8.379,0.0,72.901,4.635,67.251,2.612,4,On,0.0,0
2026-03-03 00:30:00,HH_002,2.597,0.661,230.349,11.274,15.517,0.0,67.178,4.401,78.206,2.655,2,On,0.0,0
2026-03-03 00:45:00,HH_002,2.611,0.671,231.081,11.299,6.775,0.0,71.77,3.89,66.512,2.705,2,On,0.0,0
2026-03-03 01:00:00,HH_002,2.532,0.674,228.562,11.076,11.275,0.0,73.032,7.751,62.615,2.637,2,On,0.0,0
2026-03-03 01:15:00,HH_002,2.837,0.688,231.309,12.266,4.1,0.0,70.619,5.562,67.844,2.657,4,On,0.0,0
2026-03-03 01:30:00,HH_002,2.614,0.694,232.175,11.258,14.84,0.0,72.409,5.362,72.302,2.644,3,On,0.0,0
2026-03-03 01:45:00,HH_002,2.797,0.692,227.861,12.276,1.046,0.0,71.619,6.227,73.122,2.648,3,On,0.0,0
2026-03-03 02:00:00,HH_002,2.451,0.63,230.417,10.636,17.051,0.0,68.555,5.689,73.886,2.695,1,On,0.0,0
2026-03-03 02:15:00,HH_002,2.502,0.645,229.543,10.902,3.964,0.0,73.089,6.342,68.436,2.675,1,On,0.0,0
2026-03-03 02:30:00,HH_002,2.543,0.609,231.049,11.007,17.488,0.0,67.947,6.396,65.806,2.591,2,On,0.0,0
2026-03-03 02:45:00,HH_002,2.451,0.627,228.175,10.743,7.051,0.0,70.712,5.828,59.215,2.573,1,On,0.0,0
2026-03-03 03:00:00,HH_002,2.911,0.683,232.443,12.522,14.454,0.0,72.454,9.129,55.172,2.487,4,On,0.0,0
2026-03-03 03:15:00,HH_002,2.872,0.698,227.588,12.619,6.385,0.0,68.79,7.71,73.413,2.602,4,On,0.0,0
2026-03-03 03:30:00,HH_002,2.372,0.622,229.634,10.331,18.118,0.0,68.028,6.376,58.068,2.694,1,On,0.0,0
2026-03-03 03:45:00,HH_002,2.537,0.629,230.651,11.001,2.533,0.0,69.593,7.627,60.823,2.652,1,On,0.0,0
2026-03-03 04:00:00,HH_002,2.52,0.614,228.97,11.006,3.57,0.0,73.18,10.249,65.225,2.673,1,On,0.0,0
2026-03-03 04:15:00,HH_002,2.431,0.631,228.735,10.628,9.861,0.0,74.299,9.107,62.836,2.575,1,On,0.0,0
2026-03-03 04:30:00,HH_002,2.626,0.702,230.333,11.399,1.639,0.0,70.451,9.185,66.269,2.465,2,On,0.0,0
2026-03-03 04:45:00,HH_002,2.576,0.663,230.117,11.193,3.92,0.0,71.615,9.454,63.807,2.528,2,On,0.0,0
2026-03-03 05:00:00,HH_002,2.4,0.659,230.009,10.435,18.875,0.0,74.033,13.633,60.082,2.538,1,On,0.0,0
2026-03-03 05:15:00,HH_002,2.991,0.681,231.288,12.933,19.53,0.0,65.985,11.925,57.628,2.508,4,On,0.0,0
2026-03-03 05:30:00,HH_002,2.517,0.62,229.408,10.973,7.525,0.0,67.321,13.841,55.635,2.648,2,On,0.0,0
2026-03-03 05:45:00,HH_002,2.886,0.664,230.479,12.521,18.466,0.0,72.089,11.797,52.785,2.621,4,On,0.0,0
2026-03-03 06:00:00,HH_002,2.754,0.673,229.24,12.015,10.896,0.0,73.237,15.325,52.282,2.699,3,On,0.0,0
2026-03-03 06:15:00,HH_002,2.983,0.658,228.726,13.04,5.395,0.0,73.57,14.554,48.912,2.787,4,On,0.0,0
2026-03-03 06:30:00,HH_002,2.495,0.629,229.573,10.867,14.048,0.0,69.151,15.754,46.226,2.785,1,On,0.0,0
2026-03-03 06:45:00,HH_002,2.666,0.655,229.252,11.631,13.178,0.0,65.893,13.882,56.71,2.779,3,On,0.0,0
2026-03-03 07:00:00,HH_002,0.6,0.034,229.327,2.616,19.783,0.0,9.378,18.331,47.846,2.724,2,Off,0.0,0
2026-03-03 07:15:00,HH_002,2.601,0.618,231.748,11.224,5.301,0.0,67.307,17.702,53.038,2.186,2,On,0.001,0
2026-03-03 07:30:00,HH_002,2.739,0.68,229.619,11.927,13.441,0.0,67.912,16.948,54.22,2.091,3,On,0.013,0
2026-03-03 07:45:00,HH_002,2.931,0.694,229.006,12.799,1.04,0.0,72.723,17.422,49.743,2.151,4,On,0.0,0
2026-03-03 08:00:00,HH_002,0.53,0.069,230.042,2.302,2.273,0.0,5.755,21.534,30.0,2.218,2,Off,0.806,0
2026-03-03 08:15:00,HH_002,0.43,0.021,230.156,1.866,0.078,0.0,13.276,20.138,48.863,2.2,1,Off,0.722,0
2026-03-03 08:30:00,HH_002,0.774,0.093,228.22,3.391,19.989,0.0,9.277,19.297,45.995,1.657,3,Off,0.759,0
2026-03-03 08:45:00,HH_002,0.484,0.079,229.552,2.108,16.045,0.0,10.961,18.795,38.58,1.166,1,Off,0.711,0
2026-03-03 09:00:00,HH_002,0.307,0.036,229.492,1.34,0.0,0.0,5.897,22.576,38.492,0.554,0,Off,1.562,0
2026-03-03 09:15:00,HH_002,0.286,0.016,229.742,1.243,0.0,0.0,8.374,22.267,30.28,0.499,0,Off,1.411,0
2026-03-03 09:30:00,HH_002,0.294,0.032,231.088,1.272,0.0,0.0,5.897,22.766,37.561,0.463,0,Off,1.303,0
2026-03-03 09:45:00,HH_002,0.337,0.021,230.205,1.464,0.0,0.0,14.615,20.609,32.201,0.343,0,Off,1.434,0
2026-03-03 10:00:00,HH_002,0.302,0.014,231.842,1.301,0.0,0.0,13.073,22.488,30.983,0.306,0,Off,1.726,0
2026-03-03 10:15:00,HH_002,0.248,0.038,229.983,1.078,0.0,0.0,9.596,24.807,33.935,0.305,0,Off,1.901,0
2026-03-03 10:30:00,HH_002,0.238,0.021,232.664,1.024,0.0,0.0,7.236,23.992,37.381,0.295,0,Off,1.921,0
2026-03-03 10:45:00,HH_002,0.226,0.047,229.309,0.983,0.0,0.0,14.335,24.194,33.24,0.281,0,Off,1.902,0
2026-03-03 11:00:00,HH_002,0.373,0.028,228.846,1.629,0.0,0.0,8.446,23.697,31.176,0.253,0,Off,2.241,0
2026-03-03 11:15:00,HH_002,0.34,0.027,230.821,1.475,0.0,0.0,6.61,23.678,30.0,0.271,0,Off,2.173,0
2026-03-03 11:30:00,HH_002,0.295,0.018,232.046,1.27,0.0,0.0,10.632,25.651,30.0,0.294,0,Off,2.195,0
2026-03-03 11:45:00,HH_002,0.277,0.005,227.932,1.217,0.0,0.0,14.438,25.698,31.272,0.308,0,Off,2.284,0
2026-03-03 12:00:00,HH_002,0.271,0.043,229.705,1.181,0.0,0.0,5.038,23.912,30.593,0.321,0,Off,2.363,0
2026-03-03 12:15:00,HH_002,0.355,0.079,229.084,1.548,0.0,0.0,7.381,23.721,32.446,0.296,0,Off,2.652,0
2026-03-03 12:30:00,HH_002,0.395,0.032,230.214,1.717,0.0,0.0,14.384,24.891,30.0,0.299,0,Off,2.21,0
2026-03-03 12:45:00,HH_002,0.27,0.013,230.015,1.173,0.0,0.0,6.711,24.201,30.0,0.325,0,Off,2.442,0
2026-03-03 13:00:00,HH_002,0.357,0.021,232.018,1.538,0.0,0.0,6.132,23.839,32.701,0.323,0,Off,2.486,0
2026-03-03 13:15:00,HH_002,0.301,0.017,229.837,1.311,0.0,0.0,10.702,23.408,31.821,0.344,0,Off,2.525,0
2026-03-03 13:30:00,HH_002,0.289,0.062,232.062,1.247,0.0,0.0,13.618,24.191,38.835,0.331,0,Off,2.383,0
2026-03-03 13:45:00,HH_002,0.375,0.023,229.527,1.635,0.0,0.0,9.771,23.505,30.0,0.304,0,Off,2.588,0
2026-03-03 14:00:00,HH_002,0.299,0.018,231.39,1.294,0.0,0.0,14.946,22.565,32.141,0.331,0,Off,2.135,0
2026-03-03 14:15:00,HH_002,0.315,0.007,230.343,1.367,0.0,0.0,11.792,23.959,30.0,0.316,0,Off,2.217,0
2026-03-03 14:30:00,HH_002,0.312,0.037,232.595,1.343,0.0,0.0,5.741,23.605,33.885,0.32,0,Off,2.336,0
2026-03-03 14:45:00,HH_002,0.219,0.021,227.784,0.96,0.0,0.0,14.928,24.145,32.095,0.325,0,Off,2.378,0
2026-03-03 15:00:00,HH_002,0.314,0.009,228.254,1.378,0.0,0.0,9.079,20.422,47.267,0.286,0,Off,1.749,0
2026-03-03 15:15:00,HH_002,0.272,0.009,232.747,1.168,0.0,0.0,7.874,22.081,45.594,0.29,0,Off,2.154,0
2026-03-03 15:30:00,HH_002,0.229,0.054,228.9,1.0,0.0,0.0,10.579,24.147,30.0,0.279,0,Off,1.8,0
2026-03-03 15:45:00,HH_002,0.274,0.028,228.995,1.197,0.0,0.0,8.043,21.699,36.605,0.258,0,Off,1.758,0
2026-03-03 16:00:00,HH_002,0.274,0.029,228.686,1.197,0.0,0.0,5.865,20.825,39.332,0.272,0,Off,1.402,0
2026-03-03 16:15:00,HH_002,0.351,0.037,231.723,1.517,0.0,0.0,5.014,20.816,34.379,0.262,0,Off,1.317,0
2026-03-03 16:30:00,HH_002,0.247,0.053,228.12,1.082,0.0,0.0,9.496,20.865,41.412,0.282,0,Off,1.302,0
2026-03-03 16:45:00,HH_002,0.261,0.005,230.034,1.132,0.0,0.0,13.369,20.167,38.469,0.287,0,Off,1.411,0
2026-03-03 17:00:00,HH_002,0.312,0.023,229.602,1.358,0.0,0.0,10.723,18.154,38.353,0.283,0,Off,0.552,0
2026-03-03 17:15:00,HH_002,0.234,0.02,231.555,1.009,0.0,0.0,14.992,18.287,42.028,0.293,0,Off,0.534,0
2026-03-03 17:30:00,HH_002,0.267,0.0,229.154,1.165,0.0,0.0,7.868,18.224,38.564,0.263,0,Off,0.645,0
2026-03-03 17:45:00,HH_002,0.217,0.003,230.623,0.94,0.0,0.0,7.805,16.471,52.242,0.268,0,Off,0.812,0
2026-03-03 18:00:00,HH_002,2.796,0.701,228.243,12.25,6.024,0.0,66.597,13.293,62.923,0.257,3,On,0.0,0
2026-03-03 18:15:00,HH_002,2.585,0.674,233.411,11.075,4.98,0.0,66.641,13.446,54.331,0.878,2,On,0.16,0
2026-03-03 18:30:00,HH_002,2.899,0.709,229.641,12.625,7.446,0.0,67.852,14.73,51.097,1.466,4,On,0.12,0
2026-03-03 18:45:00,HH_002,2.796,0.668,230.013,12.155,5.093,0.0,72.928,15.594,49.574,2.124,3,On,0.028,0
2026-03-03 19:00:00,HH_002,2.714,0.662,232.482,11.674,9.779,11.661,74.058,11.307,63.296,2.769,3,On,0.0,0
2026-03-03 19:15:00,HH_002,2.434,0.608,229.12,10.625,8.148,26.144,74.751,13.336,59.132,2.748,1,On,0.0,0
2026-03-03 19:30:00,HH_002,2.547,0.673,232.501,10.956,19.731,12.117,67.323,11.91,55.603,2.711,2,On,0.0,0
2026-03-03 19:45:00,HH_002,2.397,0.662,229.383,10.45,1.119,38.021,73.813,11.919,57.425,2.623,1,On,0.0,0
2026-03-03 20:00:00,HH_002,2.554,0.677,231.008,11.056,2.844,32.991,68.283,9.164,64.935,2.523,2,On,0.0,0
2026-03-03 20:15:00,HH_002,2.425,0.675,229.141,10.585,1.057,29.738,66.128,8.115,58.081,2.483,1,On,0.0,0
2026-03-03 20:30:00,HH_002,2.731,0.682,227.966,11.979,12.517,34.717,73.7,10.229,65.604,2.481,3,On,0.0,0
2026-03-03 20:45:00,HH_002,2.464,0.678,230.622,10.686,1.09,29.426,71.361,11.713,65.249,2.527,1,On,0.0,0
2026-03-03 21:00:00,HH_002,2.855,0.682,230.96,12.363,16.729,39.068,66.647,7.866,70.093,2.544,4,On,0.0,0
2026-03-03 21:15:00,HH_002,2.616,0.626,228.026,11.472,10.239,31.419,69.298,6.078,61.615,2.619,2,On,0.0,0
2026-03-03 21:30:00,HH_002,2.624,0.68,229.539,11.433,10.54,37.74,67.873,8.709,52.731,2.667,2,On,0.0,0
2026-03-03 21:45:00,HH_002,2.727,0.637,231.801,11.763,11.232,25.514,72.368,6.304,70.935,2.64,3,On,0.0,0
2026-03-03 22:00:00,HH_002,2.56,0.659,230.9,11.086,3.416,0.0,69.534,5.131,65.938,2.706,2,On,0.0,0
2026-03-03 22:15:00,HH_002,2.904,0.71,229.407,12.66,3.954,0.0,74.893,6.101,69.233,2.632,4,On,0.0,0
2026-03-03 22:30:00,HH_002,2.44,0.65,229.104,10.65,6.376,0.0,65.547,6.463,74.751,2.704,1,On,0.0,0
2026-03-03 22:45:00,HH_002,2.761,0.722,232.922,11.854,11.87,0.0,68.55,5.331,66.053,2.658,3,On,0.0,0
2026-03-03 23:00:00,HH_002,2.978,0.659,227.83,13.073,4.202,0.0,69.819,5.063,67.985,2.666,4,On,0.0,0
2026-03-03 23:15:00,HH_002,2.603,0.659,229.911,11.324,2.327,0.0,70.031,6.056,69.272,2.771,2,On,0.0,0
2026-03-03 23:30:00,HH_002,2.568,0.657,227.803,11.273,19.402,0.0,68.159,6.193,61.127,2.696,2,On,0.0,0
2026-03-03 23:45:00,HH_002,2.855,0.659,231.972,12.309,0.44,0.0,72.292,6.592,63.026,2.728,4,On,0.0,0
2026-03-04 00:00:00,HH_002,2.407,0.618,229.989,10.467,16.054,0.0,73.747,6.909,66.305,2.751,1,On,0.0,0
2026-03-04 00:15:00,HH_002,2.377,0.621,230.267,10.322,15.761,0.0,74.387,5.81,66.878,2.609,1,On,0.0,0
2026-03-04 00:30:00,HH_002,2.797,0.658,234.153,11.944,5.944,0.0,73.051,4.783,73.476,2.552,3,On,0.0,0
2026-03-04 00:45:00,HH_002,2.488,0.647,229.11,10.861,2.713,0.0,73.506,5.859,82.111,2.609,2,On,0.0,0
2026-03-04 01:00:00,HH_002,2.924,0.68,232.623,12.571,2.913,0.0,70.505,5.807,68.881,2.517,4,On,0.0,0
2026-03-04 01:15:00,HH_002,2.407,0.647,229.414,10.49,13.949,0.0,73.259,5.847,64.097,2.647,1,On,0.0,0
2026-03-04 01:30:00,HH_002,2.724,0.685,229.65,11.863,12.856,0.0,68.035,5.518,76.055,2.654,3,On,0.0,0
2026-03-04 01:45:00,HH_002,2.555,0.667,233.957,10.921,15.655,0.0,68.985,4.429,63.199,2.636,2,On,0.0,0
2026-03-04 02:00:00,HH_002,2.672,0.659,229.758,11.631,18.75,0.0,68.169,5.312,62.432,2.653,2,On,0.0,0
2026-03-04 02:15:00,HH_002,2.751,0.681,227.938,12.068,13.839,0.0,69.674,6.243,64.539,2.59,3,On,0.0,0
2026-03-04 02:30:00,HH_002,2.79,0.7,230.423,12.106,3.117,0.0,67.856,6.489,65.608,2.676,3,On,0.0,0
2026-03-04 02:45:00,HH_002,2.515,0.66,229.741,10.947,4.869,0.0,74.616,5.66,65.584,2.692,1,On,0.0,0
