DATE_OCC,TIME_OCC,AREA_NAME,Lat,Lon,Crm_Cd_Desc,Victim_Age,Victim_Gender,PT08.S1(CO),NMHC(GT),C6H6(GT),Temperature_C,RH_%,Wind_Speed,Wind_Direction,FFMC,DMC,DC,ISI,Burned_Area,AQI
2023-03-26,16:38:00,Central,34.09859,-118.21461,Trespassing,10,M,877.3,141.3,15.16,17.1,59.2,4.0,NE,78.5,23.3,58.3,8.4,269.77,69
2023-04-02,14:52:00,Hollywood,34.04845,-118.2373,Vandalism,33,M,1454.0,194.8,17.82,13.0,78.1,1.4,S,94.6,35.0,172.4,5.4,1.45,102
2023-09-12,01:18:00,Central,34.03321,-118.33012,Assault,49,F,571.8,185.5,4.13,15.2,65.1,8.4,SW,96.7,145.8,59.2,8.5,0.0,41
2023-06-29,23:38:00,Pacific,34.1173,-118.27233,Vandalism,15,M,1035.3,181.9,6.06,25.9,28.5,2.8,NE,84.4,88.6,24.2,4.5,0.0,65
2023-03-18,13:48:00,Pacific,34.15776,-118.38441,Burglary,36,F,1122.1,179.6,14.49,22.9,46.6,10.6,NW,82.8,22.0,45.5,23.3,0.0,70
2023-02-08,02:46:00,Rampart,34.08361,-118.22534,Assault,40,M,1201.5,273.6,15.65,27.7,28.2,4.6,E,86.9,58.8,167.7,1.0,0.0,95
2023-04-06,08:57:00,Hollywood,34.01886,-118.22584,Theft,33,F,916.8,181.8,6.63,22.9,29.2,4.7,S,73.5,43.6,90.1,21.5,0.0,48
2023-12-29,02:30:00,Wilshire,34.02909,-118.27966,Vandalism,37,F,1326.9,202.5,6.28,7.1,64.9,1.7,SE,83.1,154.0,51.3,3.0,0.0,88
2023-03-02,18:18:00,Rampart,33.98558,-118.21299,Assault,37,M,821.2,197.1,6.74,36.9,34.4,0.6,N,92.4,43.7,55.1,1.1,0.0,47
2023-05-02,16:03:00,Hollywood,34.05504,-118.30412,Trespassing,22,M,986.8,174.7,1.97,23.0,48.2,1.5,SE,91.4,15.9,201.0,5.7,5.48,51
2023-05-13,20:55:00,Rampart,33.96852,-118.28833,Theft,57,M,1224.1,204.0,3.64,24.1,29.9,5.8,W,82.3,42.3,82.0,10.7,4.48,82
2023-07-13,04:07:00,Wilshire,34.07759,-118.21914,Theft,53,F,1308.0,203.3,3.76,17.0,49.7,3.8,NW,87.2,154.6,117.0,6.6,18.19,77
2023-01-29,12:50:00,Newton,34.15028,-118.27443,Vandalism,52,M,819.2,204.0,8.53,28.9,35.2,1.0,S,76.8,115.6,344.2,0.8,0.0,47
2023-08-17,17:25:00,Newton,34.08588,-118.24313,Theft,50,M,1629.0,157.0,11.35,11.3,46.2,10.4,SW,92.0,55.7,54.4,0.9,0.0,94
2023-02-15,00:20:00,Newton,34.02654,-118.26818,Assault,11,M,920.5,189.7,12.17,24.9,49.8,3.5,NE,84.2,20.4,199.7,1.2,0.0,64
2023-08-12,12:39:00,Newton,34.07635,-118.26055,Assault,48,M,837.6,238.0,7.46,3.4,72.7,3.9,W,82.2,86.6,55.5,2.8,0.61,60
2023-08-16,03:09:00,Valley,34.13103,-118.25836,Burglary,44,F,1200.5,191.0,7.58,25.4,28.0,5.0,S,81.4,17.9,114.9,1.4,0.0,78
2023-05-19,05:21:00,Central,34.12852,-118.27534,Vandalism,11,F,1030.3,208.1,10.62,11.4,48.5,1.8,N,84.4,64.2,183.3,3.9,1.41,64
2023-03-13,18:35:00,Valley,33.99981,-118.22488,Vandalism,31,M,1000.8,208.4,2.52,22.2,57.7,8.0,S,80.5,81.0,86.7,0.7,0.0,43
2023-06-13,17:56:00,Valley,34.07551,-118.2714,Assault,39,M,1219.1,220.9,14.8,30.9,29.9,0.7,W,91.6,14.7,34.3,4.1,0.0,93
2023-05-29,17:36:00,Valley,34.04209,-118.23922,Trespassing,59,F,794.5,227.9,16.43,26.6,52.0,5.1,NE,81.0,43.4,67.8,6.4,0.0,70
2023-05-09,07:39:00,Newton,34.09033,-118.27644,Robbery,45,F,759.6,191.3,6.87,29.8,51.0,15.1,SE,100.0,68.9,27.6,10.7,0.0,73
2023-08-30,06:49:00,Wilshire,34.06918,-118.31671,Theft,22,M,980.5,154.4,8.01,29.0,46.8,0.5,E,99.7,77.0,169.2,5.7,2.85,65
2023-10-20,23:49:00,Pacific,33.93151,-118.19438,Vandalism,60,M,1315.6,139.1,16.22,15.8,51.0,0.9,SE,76.1,79.6,255.9,12.3,0.02,116
2023-06-29,17:15:00,Pacific,34.0326,-118.21502,Theft,35,M,989.2,250.9,9.38,24.8,17.8,6.2,NE,85.7,28.0,82.0,5.7,13.4,56
2023-12-04,15:52:00,Central,34.05993,-118.12557,Burglary,31,F,1419.8,238.5,12.94,6.2,73.8,0.6,W,78.5,34.0,55.1,1.6,0.0,81
2023-12-14,08:26:00,Newton,33.97828,-118.2922,Theft,30,M,1340.2,232.5,9.54,14.5,79.2,4.8,NE,81.7,35.3,155.2,3.6,0.0,74
2023-04-19,20:10:00,Newton,34.07905,-118.25045,Burglary,10,F,1156.6,240.6,17.78,31.1,32.9,3.4,NW,100.0,128.3,321.5,2.7,0.0,105
2023-09-25,03:21:00,Newton,33.9738,-118.24643,Theft,33,F,1167.9,191.9,12.45,16.9,34.7,5.1,N,81.9,44.6,176.6,5.1,0.0,100
2023-04-14,19:43:00,Rampart,34.01008,-118.19053,Assault,42,F,1156.4,168.8,12.74,5.1,65.7,1.9,S,88.6,104.8,115.6,0.5,0.0,75
2023-11-11,03:26:00,Hollywood,34.11707,-118.26536,Theft,29,M,1131.9,151.0,12.83,36.1,24.0,2.8,NW,90.4,108.3,32.6,11.5,0.0,77
2023-02-15,15:25:00,Rampart,34.00581,-118.29855,Robbery,41,M,1026.8,145.5,7.22,24.5,32.3,3.5,S,75.0,182.8,31.8,7.7,0.0,54
2023-04-01,06:21:00,Hollywood,34.0787,-118.17961,Burglary,22,M,1050.0,260.6,7.68,26.1,15.2,6.2,SE,76.4,18.6,83.3,4.8,0.0,49
2023-02-28,18:54:00,Newton,33.96232,-118.25583,Vandalism,32,M,886.0,175.3,13.85,12.2,60.8,1.3,W,72.9,72.1,97.5,22.5,0.0,79
2023-08-10,13:10:00,Newton,34.15407,-118.19607,Trespassing,39,F,658.0,252.7,10.63,22.3,38.7,2.1,E,76.1,46.2,74.9,15.6,0.0,56
2023-08-17,10:27:00,Rampart,34.03477,-118.20189,Vandalism,37,X,1320.8,190.7,4.11,22.1,64.6,2.2,E,56.5,51.8,62.6,7.2,0.0,74
2023-07-09,22:58:00,Rampart,34.05477,-118.24149,Theft,10,F,1131.5,166.2,19.37,13.4,60.9,7.5,N,90.4,81.5,54.7,4.9,0.0,81
2023-08-19,00:36:00,Hollywood,34.05895,-118.24872,Vandalism,28,F,1101.2,145.3,14.89,18.6,56.7,0.7,NE,100.0,29.3,84.2,3.9,1.72,101
2023-12-06,22:12:00,Pacific,34.08038,-118.25958,Assault,60,M,1179.7,170.6,10.19,8.0,66.8,9.2,N,86.5,40.5,108.2,3.7,0.0,74
2023-06-28,08:40:00,Hollywood,33.97404,-118.24076,Assault,27,M,934.3,270.9,8.63,17.2,55.1,5.2,S,70.8,4.1,367.2,2.6,0.26,69
2023-11-25,15:34:00,Rampart,34.04973,-118.19684,Assault,35,M,899.8,145.8,10.99,27.8,21.8,4.6,SW,78.6,30.4,24.9,2.6,0.0,52
2023-08-31,16:17:00,Wilshire,34.01706,-118.27982,Theft,33,F,1043.3,305.8,12.59,14.0,48.6,1.4,SW,80.4,154.7,156.0,4.6,2.03,75
2023-07-08,03:36:00,Rampart,33.96552,-118.23456,Assault,58,F,1373.6,158.0,0.1,35.3,38.0,5.3,SW,74.8,86.7,64.9,10.2,0.0,71
2023-06-16,14:51:00,Wilshire,34.09936,-118.29593,Vandalism,54,F,866.3,237.5,20.56,8.5,69.3,3.0,NE,93.6,80.1,50.8,4.5,0.0,87
2023-06-16,09:49:00,Central,34.03239,-118.28971,Vandalism,47,M,574.6,192.7,6.05,17.9,49.1,3.7,N,93.1,90.8,71.1,1.3,0.0,42
2023-05-23,09:21:00,Rampart,34.06213,-118.24155,Vandalism,20,M,995.7,184.0,9.99,14.7,62.7,9.7,NW,73.4,50.2,114.4,3.7,12.6,74
2023-10-17,15:53:00,Central,34.05899,-118.33801,Theft,40,F,1328.5,136.4,10.17,18.6,57.2,2.7,W,92.3,109.0,22.3,2.0,0.0,75
2023-02-17,07:48:00,Pacific,34.03326,-118.13697,Trespassing,43,M,753.5,195.1,19.98,31.0,53.5,8.5,SE,100.0,29.5,176.2,13.6,0.0,79
2023-06-24,23:55:00,Hollywood,34.14875,-118.29965,Assault,24,F,863.9,142.1,9.56,12.1,63.4,2.5,S,100.0,44.2,111.2,0.5,0.0,63
2023-06-28,03:08:00,Wilshire,34.04764,-118.242,Theft,21,F,1152.7,115.9,17.94,16.4,44.8,1.2,SW,100.0,43.4,93.6,4.9,0.0,95
2023-03-15,23:30:00,Hollywood,33.9721,-118.18159,Theft,60,F,1614.0,206.0,12.03,25.2,41.0,1.0,W,76.0,113.9,67.5,1.8,27.55,105
2023-11-16,16:17:00,Central,34.02998,-118.28315,Vandalism,30,M,828.4,168.2,5.19,20.7,55.0,3.9,E,100.0,27.4,11.3,3.9,0.0,39
2023-11-16,06:53:00,Wilshire,34.07499,-118.35513,Trespassing,59,M,820.6,284.2,10.67,21.4,57.9,5.6,NW,81.5,40.7,62.7,4.8,0.0,49
2023-05-25,15:01:00,Hollywood,34.07663,-118.26225,Assault,49,M,1167.7,250.0,9.41,12.3,45.4,5.1,N,79.1,32.9,79.8,8.9,9.33,55
2023-08-25,20:57:00,Rampart,33.99561,-118.28374,Burglary,41,M,1340.9,284.9,4.58,19.4,53.4,6.8,S,88.3,150.1,232.1,3.4,0.0,84
2023-08-07,20:19:00,Newton,34.09647,-118.35382,Theft,41,M,975.2,166.0,11.79,29.1,27.4,4.7,S,79.2,108.4,88.4,4.7,0.0,80
2023-04-30,07:49:00,Central,33.96186,-118.22576,Assault,13,F,775.7,206.8,10.11,7.1,63.6,0.9,E,89.0,72.9,99.9,11.6,6.34,67
2023-07-08,18:36:00,Hollywood,34.10721,-118.22965,Theft,38,F,1186.7,69.0,12.78,14.4,66.8,3.9,NW,71.8,90.2,50.6,11.6,0.2,87
2023-11-01,20:14:00,Central,33.98403,-118.18288,Theft,56,M,1223.0,185.9,10.97,5.5,79.2,1.9,E,82.6,21.4,84.8,18.9,0.0,61
2023-05-21,11:23:00,Valley,34.03869,-118.29604,Burglary,45,M,1455.7,204.9,6.74,24.3,36.8,3.5,E,97.9,79.2,29.8,2.1,0.0,75
2023-05-17,15:29:00,Central,34.10323,-118.31996,Theft,37,M,1231.4,207.7,13.84,29.8,33.7,2.5,SW,84.4,66.7,75.7,19.1,0.0,90
2023-06-04,23:25:00,Wilshire,34.05598,-118.26034,Assault,60,M,1265.6,197.9,6.88,18.5,46.8,2.2,NW,86.4,26.6,147.9,3.7,0.0,78
2023-12-05,19:19:00,Valley,34.09083,-118.24442,Vandalism,32,F,1047.6,203.3,0.1,12.0,91.0,2.6,SW,89.8,10.7,83.3,13.3,0.0,50
2023-09-03,12:11:00,Wilshire,34.08093,-118.19393,Theft,25,M,1588.3,64.3,10.64,12.2,64.5,9.1,N,96.7,55.6,79.9,8.6,32.82,104
2023-07-02,18:00:00,Newton,34.11431,-118.16947,Robbery,37,M,1020.4,212.8,7.23,17.6,45.2,0.4,E,68.4,51.8,146.6,3.2,0.0,65
2023-06-03,09:24:00,Valley,34.10311,-118.17928,Burglary,46,M,977.6,224.2,11.91,17.6,66.8,1.0,SE,90.8,9.0,147.2,16.6,0.0,73
2023-01-17,03:27:00,Rampart,34.02731,-118.22617,Vandalism,10,F,1461.9,266.9,19.99,27.3,52.6,1.2,S,82.3,62.8,25.5,12.4,0.0,106
2023-01-17,21:00:00,Central,34.08165,-118.20003,Theft,39,F,805.2,218.4,20.14,14.6,75.9,2.4,NW,86.7,87.2,161.9,1.5,0.19,90
2023-11-21,12:01:00,Hollywood,33.97367,-118.27202,Theft,47,M,730.5,193.5,9.17,23.5,65.7,4.9,E,95.6,105.6,226.6,3.4,0.08,50
2023-08-31,07:51:00,Pacific,34.0471,-118.23158,Theft,30,F,1123.9,255.2,5.87,17.6,60.7,2.3,NW,73.1,46.8,65.5,7.8,4.21,54
2023-07-10,12:09:00,Central,34.09092,-118.29956,Burglary,51,F,1099.7,82.1,12.92,14.0,55.4,5.3,S,74.9,61.1,69.8,1.3,0.0,73
2023-10-28,05:15:00,Central,34.05669,-118.23687,Assault,44,F,1054.4,174.3,8.15,17.4,51.9,6.5,NE,65.6,104.9,86.2,4.4,0.0,65
2023-12-25,17:48:00,Newton,34.07233,-118.23557,Assault,67,M,1298.8,161.7,11.96,22.7,43.0,0.6,W,79.5,50.1,43.9,10.2,1.8,98
2023-06-14,07:04:00,Rampart,34.03934,-118.15389,Theft,23,F,918.4,198.3,6.7,27.3,35.0,6.3,NE,98.3,28.2,199.4,4.4,0.0,58
2023-09-19,17:36:00,Pacific,34.10645,-118.25145,Assault,47,F,1112.8,90.1,11.25,18.0,65.4,5.4,E,83.8,28.4,251.8,5.7,0.0,76
2023-02-04,00:24:00,Valley,34.04598,-118.2355,Assault,19,F,1028.0,266.0,5.94,10.4,64.5,7.2,S,71.6,93.2,173.5,9.6,0.0,50
2023-07-30,08:38:00,Valley,34.02673,-118.22815,Trespassing,10,F,921.8,187.5,15.92,28.0,47.7,2.9,W,80.1,60.3,25.4,6.7,0.0,85
2023-07-03,19:52:00,Valley,34.09433,-118.26274,Burglary,10,F,1087.6,215.9,7.05,12.8,67.5,3.7,NE,70.1,39.6,57.7,4.4,5.67,61
2023-03-25,10:31:00,Wilshire,33.97974,-118.28012,Trespassing,43,M,1270.5,211.2,13.31,22.1,35.9,5.5,E,73.7,26.1,66.7,13.2,0.0,89
2023-11-13,12:48:00,Wilshire,34.07505,-118.17506,Theft,37,F,1524.1,263.1,3.68,19.8,33.1,3.5,S,88.9,39.0,79.3,5.2,0.0,98
2023-04-03,21:27:00,Hollywood,33.99788,-118.28905,Theft,27,F,1215.9,106.9,13.91,18.7,39.5,0.7,E,73.3,56.5,104.3,4.8,0.23,93
2023-04-05,16:10:00,Pacific,34.1139,-118.3064,Assault,10,F,597.8,205.6,5.17,16.1,51.6,1.2,SW,96.1,143.8,91.4,13.0,2.03,23
2023-11-30,20:34:00,Valley,34.03695,-118.20599,Burglary,24,M,1092.4,257.3,11.31,25.0,43.9,3.0,S,84.3,116.3,91.9,6.9,1.31,59
2023-07-29,11:28:00,Wilshire,34.05675,-118.18211,Theft,35,F,1110.0,195.1,15.12,-8.7,86.5,9.0,NE,85.9,157.6,174.9,1.9,0.0,85
2023-01-10,17:06:00,Hollywood,34.07063,-118.26257,Theft,46,F,1287.2,152.4,9.0,29.1,43.4,4.5,E,82.2,33.8,135.2,2.1,0.0,70
2023-03-31,19:12:00,Rampart,33.95352,-118.2618,Theft,34,M,1137.0,169.8,4.85,12.7,55.7,1.6,NW,92.7,7.2,84.1,2.6,0.0,73
2023-01-09,19:06:00,Hollywood,34.01747,-118.22587,Burglary,38,F,1350.6,180.4,12.48,23.3,47.7,1.8,NE,92.8,43.3,151.5,10.0,0.0,92
2023-07-28,21:24:00,Wilshire,34.10218,-118.27539,Theft,29,F,1178.3,163.9,5.8,22.8,46.9,1.8,E,88.4,78.2,109.0,9.2,0.0,72
2023-04-04,11:53:00,Newton,34.09339,-118.27909,Theft,61,F,1411.8,192.4,7.98,30.2,52.0,2.5,NW,90.6,64.4,154.0,5.6,0.0,79
2023-07-20,16:38:00,Newton,34.06415,-118.19602,Theft,19,M,1012.3,275.4,11.33,21.6,37.9,2.7,NW,82.9,223.3,230.8,2.1,0.0,90
2023-07-17,18:46:00,Valley,33.98253,-118.20964,Theft,24,M,1128.9,170.1,16.8,13.4,82.0,2.5,N,90.4,90.5,189.8,3.6,0.0,118
2023-01-22,04:55:00,Newton,34.07928,-118.17444,Theft,27,F,1265.3,175.6,10.13,7.2,63.3,2.6,NW,81.6,31.0,39.2,12.1,0.0,80
2023-09-18,21:53:00,Valley,34.08567,-118.30263,Theft,43,M,985.6,223.0,10.11,17.2,40.8,0.7,NE,85.0,117.3,89.2,4.3,0.0,73
2023-09-01,22:39:00,Valley,34.05235,-118.26512,Burglary,19,F,942.0,191.3,13.69,4.3,71.3,0.7,NE,82.3,10.4,125.8,4.2,0.9,75
2023-12-06,23:30:00,Wilshire,34.11116,-118.22594,Vandalism,37,F,974.1,133.5,10.25,15.0,89.9,2.0,SE,80.4,35.8,33.9,2.8,0.0,66
2023-11-14,01:11:00,Newton,34.01583,-118.28628,Burglary,37,F,950.2,196.9,13.18,17.7,62.5,1.0,W,78.1,38.9,120.8,10.2,0.0,65
2023-07-09,15:49:00,Valley,34.02451,-118.20792,Assault,24,M,1204.5,195.1,15.39,14.5,64.3,2.6,SW,89.7,122.8,126.2,2.5,0.0,80
2023-01-18,00:58:00,Pacific,33.92577,-118.17877,Assault,39,F,733.0,248.8,8.36,20.3,57.5,5.3,NE,98.1,67.8,36.5,8.3,0.0,42
2023-05-21,01:04:00,Rampart,34.09599,-118.26917,Burglary,19,M,788.8,151.4,0.1,18.1,45.1,7.0,S,96.7,26.5,85.7,3.3,0.0,43
2023-12-08,03:14:00,Hollywood,34.06569,-118.23807,Assault,18,M,1472.5,249.1,5.91,17.4,57.2,5.3,W,72.4,17.7,118.2,7.3,5.92,80
2023-04-07,15:42:00,Hollywood,33.96591,-118.16722,Burglary,36,M,955.0,195.1,16.04,0.6,79.1,3.1,NW,97.9,75.8,227.7,6.0,30.68,54
2023-11-25,03:25:00,Wilshire,33.96207,-118.15004,Theft,10,M,1140.0,144.6,9.83,9.6,83.6,4.7,E,81.8,219.0,93.5,4.6,1.1,81
2023-04-20,22:58:00,Newton,34.00637,-118.20271,Robbery,10,X,802.2,134.6,8.3,25.1,41.2,3.0,N,91.0,45.9,38.8,3.7,0.0,56
2023-05-08,19:44:00,Newton,34.08968,-118.21033,Burglary,42,F,1118.8,296.7,15.83,26.4,36.6,2.7,S,75.9,9.0,34.9,6.5,1.46,101
2023-05-29,15:00:00,Valley,34.03498,-118.28269,Trespassing,50,M,956.2,192.0,9.49,5.3,60.4,4.7,W,86.4,94.4,70.0,6.0,0.0,70
2023-03-24,18:16:00,Central,34.00976,-118.22204,Vandalism,27,F,787.4,246.8,0.1,13.5,61.2,2.4,S,88.1,74.3,119.2,3.0,3.51,24
2023-06-01,11:26:00,Valley,33.99969,-118.21216,Assault,24,M,1367.4,114.6,2.47,28.6,40.1,0.7,S,70.2,34.0,134.7,11.0,0.0,51
2023-06-02,01:29:00,Rampart,33.99745,-118.25052,Burglary,50,F,1336.5,331.9,12.09,14.3,46.6,2.3,S,91.1,15.9,40.9,9.4,32.56,83
2023-03-27,00:09:00,Pacific,33.95332,-118.26974,Vandalism,17,F,1078.5,244.7,9.67,19.1,55.9,0.6,W,98.5,31.8,124.2,2.2,0.0,67
2023-06-26,02:58:00,Hollywood,33.98963,-118.30406,Theft,14,F,1299.9,187.2,17.27,31.5,35.0,2.2,N,83.3,51.9,19.5,2.4,0.0,108
2023-02-04,17:35:00,Valley,33.99647,-118.32689,Theft,45,M,1480.7,184.7,6.33,17.1,64.5,4.0,NW,98.6,42.9,63.8,0.7,0.0,86
2023-03-26,18:56:00,Central,34.08413,-118.33739,Burglary,35,F,1250.8,236.7,8.45,16.0,68.2,3.7,SE,83.1,17.6,122.3,8.7,0.0,90
2023-05-09,17:00:00,Central,34.04171,-118.21103,Burglary,50,M,1195.9,233.9,5.58,18.7,52.8,3.1,SW,93.5,15.1,195.0,3.9,0.0,57
2023-03-18,20:47:00,Valley,34.00872,-118.23262,Assault,10,X,1139.8,209.1,7.4,34.8,17.4,2.7,NW,62.8,27.0,30.6,4.9,0.0,81
2023-10-13,15:57:00,Wilshire,34.16549,-118.26419,Assault,13,M,1229.9,200.5,0.54,23.6,36.3,3.8,NE,100.0,82.7,112.9,2.3,0.0,69
2023-03-15,12:38:00,Hollywood,34.01681,-118.25657,Assault,35,F,1027.2,228.1,8.07,20.2,67.4,4.7,W,100.0,39.8,75.6,4.9,3.26,47
2023-05-18,16:46:00,Wilshire,34.10836,-118.22948,Assault,41,F,1044.7,112.9,9.74,15.8,57.9,2.2,S,82.2,102.9,25.9,6.2,0.07,84
2023-04-25,12:19:00,Pacific,34.13106,-118.24823,Theft,47,F,1190.2,181.4,9.32,24.3,61.0,1.0,NW,65.3,34.8,34.2,1.4,0.0,79
2023-08-14,12:47:00,Central,33.9715,-118.30703,Robbery,37,M,1005.2,117.7,20.75,25.3,47.1,3.9,NE,87.9,90.3,109.1,6.1,0.0,95
2023-09-21,21:09:00,Central,34.0537,-118.19435,Assault,37,F,1026.8,230.2,19.17,11.4,70.4,1.2,W,70.6,87.5,274.1,5.9,0.65,81
2023-10-16,13:15:00,Rampart,34.02412,-118.22479,Robbery,29,M,1100.0,166.2,6.25,25.5,51.1,1.4,NE,89.4,39.4,95.2,12.6,0.0,80
2023-01-31,06:25:00,Pacific,34.02005,-118.22671,Assault,58,F,1330.1,121.4,0.1,18.8,39.6,5.8,S,89.1,160.5,429.1,6.4,0.0,54
2023-09-15,21:29:00,Central,34.07777,-118.19812,Vandalism,18,M,873.5,160.3,9.5,20.2,52.8,3.8,SE,75.6,93.5,143.1,2.1,0.0,70
2023-02-14,11:24:00,Pacific,34.01886,-118.28068,Assault,40,M,1251.8,207.5,11.88,12.9,48.2,8.0,W,96.2,112.1,53.6,2.3,1.27,94
2023-11-04,03:36:00,Hollywood,34.0252,-118.17931,Theft,20,F,1258.4,189.7,5.7,16.8,52.0,6.4,NE,93.1,90.0,162.6,5.8,0.0,64
2023-03-18,01:56:00,Newton,34.04159,-118.247,Trespassing,43,M,1257.2,141.3,5.95,11.8,68.8,3.1,E,94.8,39.3,39.5,3.8,0.0,94
2023-05-20,01:15:00,Central,34.03133,-118.19557,Theft,19,M,938.7,114.8,17.91,11.4,52.7,5.9,NE,85.1,147.8,102.1,8.3,0.0,85
2023-01-19,00:19:00,Rampart,33.99132,-118.20328,Assault,46,M,761.5,203.7,8.71,23.0,51.1,1.1,SW,70.8,97.8,103.4,1.4,0.0,62
2023-04-17,04:26:00,Hollywood,34.0898,-118.29194,Theft,36,M,1211.9,171.0,13.31,17.2,39.3,2.7,S,94.8,59.7,101.7,9.0,0.0,71
2023-07-20,04:09:00,Valley,34.10243,-118.21485,Burglary,61,F,1137.5,187.1,5.35,9.6,77.0,3.2,N,82.3,108.8,37.1,5.7,0.0,88
2023-02-22,14:46:00,Pacific,34.06718,-118.22369,Theft,30,F,1300.9,192.0,9.72,37.4,17.2,2.4,NE,71.1,117.3,13.9,12.8,0.0,72
2023-10-11,23:23:00,Valley,34.03117,-118.23848,Vandalism,41,M,959.9,221.5,8.32,11.0,53.2,5.6,SE,98.5,105.3,77.2,4.5,0.0,74
2023-10-16,07:52:00,Wilshire,34.01474,-118.24472,Assault,23,M,1252.0,242.3,6.62,28.7,22.5,4.0,E,100.0,47.8,118.5,2.2,0.0,65
2023-09-26,22:21:00,Hollywood,34.01482,-118.24429,Vandalism,30,M,1310.9,207.3,15.78,8.2,61.9,3.9,E,84.6,19.2,223.6,2.0,0.65,90
2023-11-12,16:29:00,Valley,34.16787,-118.19937,Theft,36,M,1080.9,184.0,3.06,23.7,25.4,8.7,N,100.0,91.5,119.7,6.4,3.13,68
2023-04-06,17:28:00,Central,34.09689,-118.2111,Burglary,12,F,1183.4,201.2,11.5,18.0,47.5,3.1,NW,85.9,60.9,39.0,1.6,0.0,92
2023-03-30,20:28:00,Pacific,34.00799,-118.23848,Theft,13,F,1176.4,183.0,8.22,15.0,68.5,6.6,SW,81.2,19.4,80.2,19.0,0.0,62
2023-10-07,15:30:00,Newton,34.05823,-118.3146,Assault,43,M,935.7,117.9,12.07,21.6,45.8,6.8,N,78.7,56.0,83.7,4.4,0.0,81
2023-12-13,13:26:00,Hollywood,34.03187,-118.21528,Theft,32,M,1206.2,254.6,8.29,20.5,37.5,5.1,SW,100.0,70.5,203.7,13.7,0.0,87
2023-11-10,09:09:00,Central,34.07919,-118.20382,Theft,26,M,1424.5,245.2,14.34,13.5,62.0,8.5,NE,77.2,58.0,121.8,1.0,0.0,90
2023-01-16,05:59:00,Rampart,34.07717,-118.12498,Theft,23,F,1104.4,299.4,5.3,13.1,61.7,3.5,S,92.4,74.5,43.6,0.3,0.0,81
2023-06-08,17:36:00,Wilshire,34.10418,-118.18623,Vandalism,24,X,807.8,314.0,15.79,7.4,88.5,4.0,SE,79.4,37.3,63.3,2.7,0.89,57
2023-04-26,03:58:00,Pacific,34.00747,-118.33496,Vandalism,36,M,962.6,141.2,9.86,22.4,54.2,1.8,E,80.4,44.1,152.2,6.7,129.38,61
2023-08-22,02:34:00,Hollywood,34.05524,-118.23608,Burglary,41,M,744.1,183.2,3.36,10.0,68.1,2.3,N,95.3,81.0,107.6,5.4,5.14,48
2023-02-12,10:07:00,Hollywood,33.96257,-118.14943,Theft,10,F,1358.1,325.6,13.4,20.0,59.0,3.9,SE,81.2,17.5,93.6,3.0,0.0,86
2023-03-24,06:11:00,Newton,33.98713,-118.20882,Assault,56,F,1252.8,198.0,9.01,24.7,41.5,2.4,SW,81.0,117.2,79.9,6.6,0.0,83
2023-11-07,20:00:00,Newton,34.09421,-118.22357,Vandalism,55,M,999.7,212.2,1.46,21.7,46.7,4.4,S,96.3,45.6,149.9,4.1,0.0,55
2023-11-02,09:52:00,Rampart,34.00247,-118.19499,Assault,10,M,816.4,123.9,11.66,14.2,75.3,3.2,E,100.0,90.6,71.6,1.7,2.98,62
2023-01-28,07:53:00,Wilshire,34.00795,-118.27112,Burglary,51,M,933.3,207.5,15.03,27.3,22.7,6.8,E,91.4,79.5,61.5,15.2,0.0,85
2023-05-15,01:55:00,Rampart,34.04959,-118.2161,Theft,50,F,972.3,296.6,16.41,16.7,64.6,3.0,SW,78.5,60.1,167.0,0.3,0.0,79
2023-05-29,19:23:00,Central,34.08474,-118.25252,Burglary,35,M,1121.9,264.3,8.11,9.3,64.9,6.3,S,79.9,44.7,13.8,6.0,0.0,74
2023-08-07,15:57:00,Central,33.99696,-118.24098,Theft,15,M,1115.2,169.5,10.73,17.7,50.5,0.8,E,85.8,70.6,42.6,5.2,0.0,88
2023-02-15,08:38:00,Rampart,33.87596,-118.19858,Assault,50,F,1368.3,180.2,10.25,24.7,37.4,1.7,S,88.2,58.9,54.9,5.3,0.0,96
2023-12-02,04:50:00,Wilshire,34.00649,-118.28634,Burglary,31,M,961.4,143.5,17.45,14.6,59.6,3.9,E,75.1,12.9,174.3,10.3,0.0,90
2023-10-17,12:00:00,Rampart,34.11028,-118.1756,Vandalism,43,F,798.4,157.4,5.95,27.0,39.0,2.2,NE,92.2,8.8,103.8,1.9,0.0,40
2023-03-06,18:24:00,Wilshire,34.06716,-118.26114,Burglary,68,M,868.6,104.5,7.68,13.8,55.1,3.1,SW,85.9,65.8,40.5,1.8,0.0,64
2023-06-06,10:41:00,Wilshire,34.11619,-118.22697,Assault,38,M,1095.4,195.8,5.83,14.9,50.6,2.9,S,67.8,23.1,38.4,10.4,0.29,57
2023-10-01,15:50:00,Valley,33.99341,-118.31003,Theft,21,F,954.3,275.5,2.75,11.6,43.5,2.8,SE,75.7,105.2,177.4,7.7,0.0,40
2023-09-02,14:28:00,Pacific,33.96803,-118.20401,Burglary,29,M,1041.6,217.8,11.24,25.5,34.6,0.8,NW,80.0,9.0,38.5,13.2,0.0,73
2023-10-27,21:19:00,Wilshire,34.07313,-118.16767,Theft,23,X,1009.2,268.3,18.01,19.6,45.5,3.5,NE,84.3,97.3,59.8,4.2,0.0,77
2023-07-07,04:16:00,Newton,34.062,-118.26573,Burglary,41,F,1298.0,253.7,9.01,12.2,63.3,9.4,W,100.0,89.0,70.1,4.1,0.09,90
2023-08-09,17:04:00,Wilshire,34.06528,-118.29551,Assault,22,M,982.6,172.7,5.59,16.8,74.4,3.3,SE,87.4,54.7,130.3,9.6,0.0,68
2023-06-28,18:26:00,Wilshire,34.09665,-118.2261,Theft,27,F,1024.5,162.0,10.93,-4.6,80.7,3.3,SW,76.6,4.8,65.9,12.0,2.04,54
2023-05-04,11:09:00,Wilshire,34.07108,-118.16726,Assault,15,M,1243.5,163.9,12.95,26.2,30.4,10.0,E,87.2,41.5,34.2,1.7,0.0,79
2023-12-23,08:33:00,Valley,34.07028,-118.31249,Burglary,33,F,987.0,114.1,9.22,18.6,44.9,14.7,W,81.5,83.8,137.7,18.3,3.27,53
2023-03-29,06:17:00,Valley,34.08575,-118.29532,Assault,37,M,1184.6,201.6,17.02,0.8,80.4,1.4,SE,88.2,2.6,135.8,3.4,0.09,88
2023-06-13,07:27:00,Central,34.07512,-118.26271,Assault,10,F,1166.3,54.8,5.94,8.3,73.4,10.5,NE,90.8,89.1,239.5,6.0,0.0,74
2023-11-30,19:11:00,Valley,34.09287,-118.28102,Theft,38,M,1128.4,229.6,8.57,16.6,62.3,2.9,W,97.1,19.0,110.3,7.6,0.3,71
2023-02-18,22:27:00,Newton,34.10043,-118.28086,Assault,34,M,873.1,203.6,11.48,9.5,74.0,1.1,W,84.8,10.9,37.3,10.5,0.0,60
2023-05-08,14:14:00,Newton,34.12658,-118.34471,Theft,23,F,1346.0,223.6,11.96,26.3,50.2,5.6,S,100.0,88.5,232.4,8.5,0.0,104
2023-03-18,05:11:00,Valley,34.01754,-118.21055,Theft,65,F,1544.1,252.9,10.24,23.3,42.2,1.0,N,94.1,42.1,69.9,5.4,0.0,74
2023-09-22,14:50:00,Rampart,34.07403,-118.22306,Assault,49,M,1101.8,209.9,3.61,22.9,66.2,2.7,SE,77.9,68.2,158.5,8.5,0.0,74
2023-11-17,04:39:00,Pacific,34.03148,-118.32494,Robbery,18,M,890.7,281.6,21.69,-0.8,77.7,2.5,N,100.0,55.5,227.4,3.7,3.02,82
2023-09-13,20:52:00,Valley,34.00832,-118.16714,Assault,47,F,1105.8,231.1,8.82,15.8,57.4,3.4,SW,88.3,37.3,98.7,3.2,7.91,72
2023-03-15,16:01:00,Wilshire,34.01552,-118.15595,Trespassing,53,F,1298.0,162.1,10.55,14.4,71.3,0.9,SE,76.6,5.3,90.9,5.2,0.0,80
2023-03-18,10:38:00,Hollywood,34.07475,-118.27755,Burglary,36,M,977.0,188.1,13.08,12.4,67.1,0.7,SE,100.0,74.3,110.5,11.6,0.0,90
2023-01-16,17:51:00,Pacific,34.07091,-118.18167,Theft,40,M,1074.2,86.9,6.82,16.7,32.6,5.5,S,100.0,86.2,124.3,7.5,0.0,55
2023-10-18,13:20:00,Pacific,34.07002,-118.26865,Vandalism,40,M,1168.1,154.9,10.28,11.0,63.6,7.1,E,84.7,64.1,175.4,3.5,10.9,79
2023-09-04,21:28:00,Newton,34.03871,-118.23094,Assault,10,F,1340.6,181.0,6.61,21.7,56.0,7.5,NE,80.0,70.5,82.3,4.7,0.0,85
2023-02-05,21:03:00,Pacific,34.05017,-118.28179,Theft,32,M,1255.1,227.3,12.08,26.1,27.4,0.7,NE,83.3,56.6,95.5,10.0,7.85,70
2023-01-11,21:48:00,Valley,34.09089,-118.12929,Theft,31,M,1263.4,162.5,8.62,25.4,49.3,1.8,NE,92.1,41.8,64.4,6.2,0.0,71
2023-08-05,15:15:00,Wilshire,33.97553,-118.2548,Burglary,56,F,1014.7,137.7,11.34,18.9,55.6,13.2,NW,97.8,115.8,64.2,5.6,0.0,71
2023-04-03,23:23:00,Wilshire,34.05123,-118.23368,Burglary,40,M,1180.4,105.6,4.77,36.0,37.8,1.5,SW,90.7,124.5,49.7,5.7,1.9,59
2023-08-10,02:34:00,Central,34.0545,-118.2744,Theft,30,F,955.6,170.2,5.86,29.1,29.4,0.6,W,86.0,162.0,67.5,1.8,0.0,51
2023-03-20,03:47:00,Wilshire,34.08767,-118.14693,Theft,33,M,1269.1,297.5,3.17,19.2,61.2,2.1,E,100.0,143.3,45.6,0.8,0.0,66
2023-04-09,22:43:00,Wilshire,33.98249,-118.14567,Trespassing,50,M,1330.2,213.6,6.45,16.1,57.4,0.3,N,81.9,57.5,162.5,10.8,0.0,85
2023-05-30,04:35:00,Newton,34.12476,-118.15845,Theft,32,M,1210.7,247.0,0.1,30.7,51.6,0.5,NE,95.3,32.1,140.7,5.2,0.0,57
2023-10-07,02:16:00,Wilshire,34.06068,-118.19218,Trespassing,24,F,1026.5,155.0,8.46,28.1,65.8,2.0,NW,82.1,16.2,86.8,5.9,17.38,79
2023-02-28,22:56:00,Central,34.06333,-118.27124,Theft,30,M,1059.3,121.3,7.33,8.7,82.3,2.0,N,89.3,86.5,108.6,3.6,0.0,57
2023-11-28,07:35:00,Hollywood,34.02993,-118.19861,Assault,49,F,1461.3,138.9,10.75,28.7,41.8,0.5,E,83.9,72.7,49.8,13.4,0.0,82
2023-02-19,12:15:00,Valley,34.0769,-118.24035,Burglary,42,F,1029.9,195.1,10.22,18.8,75.1,7.4,SW,84.4,67.9,90.6,3.3,0.0,91
2023-07-09,18:15:00,Newton,34.0524,-118.17438,Theft,35,F,1310.0,100.3,16.29,13.1,66.4,2.3,E,81.2,73.4,190.6,4.0,0.0,91
2023-07-28,02:08:00,Hollywood,34.11045,-118.1842,Theft,37,M,1167.8,149.7,22.97,4.2,64.7,2.4,S,98.4,79.9,186.4,10.6,0.3,91
2023-01-06,15:55:00,Newton,33.97793,-118.27246,Burglary,26,M,1033.2,170.7,15.69,17.8,52.8,2.3,W,77.7,161.9,242.6,3.4,20.7,65
2023-11-21,05:12:00,Rampart,34.05878,-118.19261,Assault,32,M,831.1,134.0,7.73,19.9,57.8,3.1,NE,77.6,62.5,162.3,5.9,3.93,67
2023-09-18,05:05:00,Pacific,34.07043,-118.2059,Trespassing,25,M,1142.3,93.8,7.53,32.7,39.2,10.3,SW,100.0,78.9,115.0,1.5,0.0,68
2023-04-13,13:58:00,Rampart,34.04068,-118.37868,Vandalism,30,M,1118.2,214.5,14.34,27.7,27.3,4.8,S,94.8,37.2,156.9,2.4,0.0,82
2023-08-03,13:47:00,Wilshire,34.02977,-118.19995,Assault,55,F,1461.3,202.3,1.58,15.3,46.1,3.3,NE,61.1,176.6,39.4,1.2,0.0,74
2023-09-07,03:05:00,Hollywood,34.03185,-118.26159,Vandalism,18,M,928.0,239.0,8.42,23.1,41.9,1.2,E,79.3,10.2,149.3,5.4,1.88,73
2023-03-16,15:52:00,Wilshire,34.05873,-118.2843,Assault,24,M,1559.0,144.5,8.81,26.6,45.4,1.6,E,66.9,120.5,165.9,5.7,0.0,93
2023-04-13,09:23:00,Pacific,33.9595,-118.28216,Assault,16,M,1175.8,238.0,12.92,20.7,55.6,2.4,NW,75.5,64.8,89.6,5.9,0.0,108
2023-11-23,19:07:00,Newton,34.09825,-118.24676,Assault,12,F,1175.6,276.5,13.07,15.3,58.5,2.2,SE,53.6,44.4,96.4,4.2,0.0,86
2023-09-17,10:56:00,Pacific,34.02599,-118.216,Burglary,32,M,981.4,213.1,6.28,15.7,48.0,4.7,SE,83.6,17.0,77.3,4.3,0.0,72
2023-09-12,01:51:00,Central,34.05639,-118.30827,Theft,25,F,1162.9,169.5,7.93,23.1,62.7,0.6,E,73.6,88.4,87.7,2.9,0.0,82
2023-09-18,10:37:00,Pacific,34.06836,-118.23051,Assault,61,M,1194.6,207.3,12.23,23.3,34.3,5.8,E,85.6,26.2,104.4,3.7,0.0,83
2023-03-23,19:16:00,Central,34.02371,-118.21116,Theft,30,F,1287.5,167.1,6.01,17.7,66.5,2.6,N,68.7,108.9,111.7,1.5,0.0,70
2023-07-22,18:39:00,Pacific,34.04345,-118.14691,Theft,54,F,904.3,158.8,16.03,-1.0,88.8,1.0,NW,85.8,47.3,50.3,6.6,0.0,80
2023-05-14,16:26:00,Valley,33.94824,-118.29383,Assault,49,M,1381.4,234.2,13.05,9.7,78.3,3.4,W,80.9,12.0,56.9,8.8,0.0,100
2023-07-07,04:24:00,Central,34.08661,-118.25748,Theft,31,M,1172.3,193.0,10.86,25.0,38.1,2.6,N,100.0,57.8,140.8,4.5,0.0,74
2023-09-21,21:22:00,Hollywood,34.104,-118.22692,Vandalism,66,M,1221.6,260.3,11.95,3.0,74.1,1.7,W,99.1,53.7,118.6,4.4,0.0,86
2023-09-27,14:15:00,Wilshire,33.96495,-118.18263,Theft,39,M,1055.8,177.9,7.67,29.5,36.3,2.2,S,92.9,109.8,53.3,5.4,0.0,80
2023-08-12,01:04:00,Wilshire,34.02968,-118.25521,Assault,57,F,914.4,182.9,6.87,28.3,32.8,6.4,SE,81.7,91.4,85.1,13.1,0.0,80
2023-10-21,09:55:00,Rampart,33.98851,-118.18007,Theft,55,F,1114.5,171.7,7.88,20.3,51.8,9.9,SE,100.0,15.9,264.6,4.7,0.0,80
2023-09-20,20:00:00,Wilshire,34.04111,-118.33687,Theft,41,F,1137.5,144.0,12.5,24.8,58.6,3.4,NW,69.5,96.5,18.6,5.1,0.0,100
2023-01-23,17:11:00,Newton,34.08243,-118.30267,Assault,46,F,822.9,240.7,11.01,24.2,30.7,6.0,E,71.0,36.0,13.9,23.0,0.0,56
2023-12-15,00:37:00,Valley,34.09937,-118.22257,Burglary,44,M,1258.7,309.3,7.89,19.1,44.8,5.2,E,84.2,33.8,18.8,4.2,3.64,85
2023-05-09,01:43:00,Pacific,34.10609,-118.31054,Theft,17,M,1299.3,180.9,13.75,9.0,58.8,6.4,S,100.0,84.1,330.7,6.5,0.0,105
2023-12-25,13:49:00,Rampart,34.11553,-118.29872,Theft,35,F,954.1,166.0,9.13,27.7,37.4,2.9,SW,83.0,32.6,42.8,6.3,0.0,57
2023-04-03,13:12:00,Newton,34.03888,-118.26639,Assault,51,M,895.5,162.7,6.53,31.3,31.8,5.5,SW,83.2,134.2,74.4,3.8,0.77,52
2023-02-23,19:45:00,Newton,33.99265,-118.20143,Theft,57,F,1039.4,166.0,11.27,10.3,72.2,4.3,NW,70.6,10.6,133.3,6.8,0.0,91
2023-01-02,23:49:00,Central,34.04427,-118.3348,Assault,24,M,1104.8,282.5,4.93,8.7,67.3,1.7,SW,94.5,51.8,127.6,1.3,0.0,55
2023-11-12,12:31:00,Wilshire,34.08166,-118.23149,Theft,42,M,1047.2,164.1,1.56,18.9,54.7,5.5,SE,94.5,52.7,77.9,4.3,0.0,42
2023-08-05,20:12:00,Hollywood,33.98864,-118.18835,Burglary,37,X,1087.8,170.7,9.97,15.0,61.5,1.9,N,92.9,20.2,217.6,2.3,7.01,89
2023-03-04,16:32:00,Hollywood,34.13301,-118.24975,Theft,33,M,1144.3,138.0,6.71,21.2,50.7,9.2,SW,78.7,38.3,152.9,6.9,2.05,82
2023-01-27,17:07:00,Rampart,34.09489,-118.25844,Assault,40,X,826.3,214.7,8.73,29.7,42.5,1.6,NE,77.9,35.4,58.8,1.1,0.0,63
2023-11-30,08:47:00,Valley,34.03967,-118.21991,Assault,38,X,849.3,196.6,5.17,2.0,75.7,2.1,NW,72.1,10.6,44.3,8.0,0.0,52
2023-02-10,21:11:00,Hollywood,34.01446,-118.24961,Burglary,43,F,555.5,143.1,16.04,32.7,47.5,1.5,S,85.8,27.0,103.2,0.2,0.0,55
2023-03-31,03:51:00,Pacific,34.01654,-118.17048,Burglary,56,F,1288.5,155.4,6.69,16.7,80.3,9.9,SW,74.2,46.3,157.7,6.6,0.0,80
2023-11-02,03:50:00,Hollywood,34.05371,-118.29557,Vandalism,46,F,1103.0,276.6,7.84,24.1,50.9,9.1,NE,73.2,43.9,268.5,2.0,0.0,86
2023-06-28,06:07:00,Rampart,34.03853,-118.24258,Assault,39,F,1309.6,201.6,11.89,24.9,44.9,3.4,SW,80.8,87.5,114.8,3.0,0.0,91
2023-03-16,14:50:00,Hollywood,34.09753,-118.22972,Theft,62,M,872.5,205.1,3.12,25.9,47.4,1.9,N,80.1,125.6,72.1,4.2,0.0,71
2023-04-30,08:50:00,Pacific,34.03285,-118.25892,Burglary,51,M,1104.9,205.3,2.75,20.5,38.2,4.0,N,79.6,39.9,205.4,13.8,0.0,51
2023-11-01,16:21:00,Central,34.07528,-118.38356,Assault,33,F,1143.0,269.7,11.9,22.4,48.3,1.6,SW,89.7,17.2,187.8,2.0,0.0,80
2023-07-15,19:34:00,Valley,34.04855,-118.24805,Assault,16,M,987.6,147.7,7.78,22.3,39.2,2.4,NW,85.8,70.6,151.9,4.9,0.0,61
2023-10-05,20:29:00,Rampart,34.06348,-118.19499,Burglary,20,M,789.3,180.2,5.49,15.0,62.7,4.9,NW,82.1,46.0,38.2,11.3,0.0,39
2023-03-22,19:41:00,Central,34.0385,-118.20109,Burglary,48,M,1449.2,191.6,13.02,5.9,63.8,2.4,NE,86.8,102.8,74.8,5.1,0.0,96
2023-11-25,13:25:00,Central,34.08539,-118.22226,Assault,25,F,1379.9,113.9,5.94,10.2,61.2,3.3,S,75.1,47.1,81.7,7.3,0.0,85
2023-04-04,09:48:00,Central,34.08613,-118.29489,Vandalism,19,F,1023.6,154.2,8.63,19.2,32.5,5.0,NE,86.1,53.5,151.9,10.2,14.83,73
2023-10-05,03:51:00,Newton,34.073,-118.22023,Assault,23,M,1202.0,252.3,5.52,13.7,47.7,5.1,S,86.5,44.6,22.8,3.0,0.0,92
2023-04-15,17:30:00,Valley,34.08038,-118.26867,Vandalism,24,F,1003.0,238.0,11.52,13.7,63.0,2.1,SW,70.0,136.7,70.8,3.3,0.0,77
2023-07-23,09:30:00,Wilshire,34.00278,-118.22233,Vandalism,47,F,900.9,246.9,16.66,34.4,19.7,1.8,S,95.0,57.1,94.5,1.9,1.55,89
2023-09-08,00:32:00,Valley,34.06616,-118.23392,Burglary,32,F,1465.5,170.5,0.69,26.9,50.3,5.1,E,76.2,109.1,79.7,11.4,0.0,75
2023-09-14,15:59:00,Newton,34.11246,-118.28882,Vandalism,14,F,768.9,176.7,10.56,18.0,43.5,3.0,SE,85.9,39.6,250.6,15.2,0.0,76
2023-04-30,07:56:00,Wilshire,34.07457,-118.28462,Trespassing,35,F,1042.9,110.6,14.28,25.4,46.5,5.6,W,96.6,81.0,176.4,1.4,0.0,104
2023-02-01,17:54:00,Valley,33.99846,-118.22225,Vandalism,38,M,1116.9,246.6,7.89,16.6,47.4,1.8,SE,94.3,89.3,176.1,6.1,1.58,76
2023-11-21,06:40:00,Central,34.04751,-118.25106,Theft,27,F,1430.2,254.8,4.34,20.9,52.5,2.3,N,85.3,40.7,67.2,3.0,0.57,70
2023-03-28,04:43:00,Rampart,34.06875,-118.28201,Assault,52,M,1279.3,254.2,12.1,23.5,29.4,5.9,E,81.4,92.3,105.1,3.2,0.47,82
2023-08-01,05:48:00,Wilshire,34.01213,-118.28614,Theft,28,F,765.6,280.2,15.01,16.7,50.5,2.2,SE,94.5,10.9,49.6,7.6,0.09,71
2023-02-27,15:09:00,Pacific,33.98209,-118.25519,Theft,51,X,1099.4,221.1,14.45,14.5,49.8,5.5,SW,91.7,63.0,50.7,5.2,0.0,88
2023-07-27,04:36:00,Pacific,34.0342,-118.16159,Vandalism,43,M,1104.2,277.8,11.83,29.8,44.1,4.2,S,78.8,82.4,177.5,7.1,0.0,85
2023-05-04,19:14:00,Hollywood,34.01296,-118.2663,Trespassing,48,M,1054.3,190.0,10.49,24.9,47.3,2.2,S,77.1,27.9,158.7,14.9,0.0,78
2023-08-14,22:32:00,Wilshire,34.04929,-118.2407,Burglary,18,F,1224.0,111.6,5.5,2.0,64.7,10.0,NE,64.3,34.2,47.1,6.3,1.8,72
2023-10-14,01:27:00,Rampart,33.97043,-118.23492,Burglary,36,M,818.2,243.0,14.33,14.7,56.0,1.3,NE,86.5,19.0,100.5,7.8,0.0,63
2023-04-02,05:33:00,Newton,34.07824,-118.29655,Theft,34,F,1018.3,109.8,14.05,13.7,51.7,3.4,NW,84.2,20.9,29.9,10.0,5.87,83
2023-11-01,11:32:00,Central,34.01827,-118.32814,Theft,13,M,1195.8,208.5,4.31,15.0,67.0,3.0,S,96.4,25.1,131.9,2.8,0.0,86
2023-03-22,01:34:00,Hollywood,34.09979,-118.29133,Burglary,51,M,1235.9,247.8,11.82,26.9,52.4,0.6,NW,88.6,92.0,46.3,8.4,0.0,95
2023-11-16,01:31:00,Pacific,34.03616,-118.22765,Assault,22,X,1129.9,216.2,13.26,20.2,35.4,2.6,SW,98.3,26.5,100.7,3.1,0.0,88
2023-02-15,15:26:00,Newton,34.04873,-118.23563,Burglary,25,F,1042.3,313.9,14.41,8.9,74.9,7.3,S,78.0,6.1,263.2,1.6,0.0,91
2023-04-09,07:24:00,Newton,34.04135,-118.20488,Assault,19,F,1076.0,101.7,9.63,16.9,46.4,2.7,NE,96.4,74.9,42.2,6.7,5.01,69
2023-09-20,08:52:00,Central,34.01559,-118.23516,Theft,45,M,1248.1,195.9,5.71,24.3,41.0,2.6,SE,79.7,6.7,117.8,1.8,0.0,68
2023-07-06,06:46:00,Wilshire,34.17361,-118.24548,Vandalism,12,F,1106.8,200.9,7.49,18.2,53.0,7.9,NW,92.8,49.1,91.0,5.2,0.0,62
2023-03-23,22:55:00,Pacific,34.02521,-118.2702,Assault,44,F,891.6,132.8,4.96,14.8,75.9,1.0,NW,70.4,40.1,39.6,4.4,0.0,53
2023-06-26,10:39:00,Rampart,34.10118,-118.19577,Assault,50,F,853.3,142.3,9.74,22.6,36.0,6.7,N,87.4,38.2,55.8,12.4,0.0,57
2023-12-23,18:38:00,Newton,33.99532,-118.28596,Burglary,43,F,802.1,157.7,8.77,32.9,38.9,0.5,NE,65.2,12.7,124.5,1.8,0.0,69
2023-09-12,02:10:00,Central,34.06861,-118.29552,Assault,45,F,1391.1,145.0,20.73,23.7,32.7,6.7,SW,82.3,68.9,80.8,6.4,0.0,106
2023-11-06,02:21:00,Rampart,34.07394,-118.21165,Theft,46,M,1261.5,194.6,14.47,30.4,22.0,0.9,NW,89.4,26.2,221.9,2.5,0.0,83
2023-01-26,10:31:00,Wilshire,34.04879,-118.30666,Trespassing,20,M,1078.7,169.9,14.85,15.4,57.2,1.6,SE,79.8,87.5,128.4,1.1,0.0,103
2023-02-20,16:31:00,Pacific,34.02145,-118.11926,Theft,56,F,1009.2,215.9,12.36,19.9,50.3,1.0,SE,74.5,71.7,44.4,0.6,0.0,70
2023-01-03,18:54:00,Wilshire,34.03683,-118.236,Burglary,28,M,985.2,232.5,8.16,19.8,22.0,5.5,SE,93.5,122.8,162.8,1.8,0.0,67
2023-07-09,17:57:00,Newton,34.02984,-118.2226,Theft,34,F,1318.6,229.1,8.62,20.9,60.2,3.4,E,84.0,55.3,175.8,1.8,0.0,87
2023-01-13,13:10:00,Rampart,34.1701,-118.28042,Theft,30,M,1480.9,179.5,9.08,23.5,23.3,5.7,E,80.1,75.6,112.4,0.6,0.0,80
2023-02-09,13:18:00,Rampart,34.04887,-118.25576,Theft,42,F,978.9,214.2,10.94,12.6,59.6,3.7,W,85.4,31.0,135.5,9.2,0.0,83
2023-02-26,23:54:00,Rampart,34.07624,-118.26134,Vandalism,26,F,1327.7,251.8,11.95,25.2,55.5,2.3,SE,100.0,7.1,111.4,10.8,0.0,96
2023-05-03,06:49:00,Newton,34.13908,-118.26709,Assault,36,M,1105.6,222.3,10.0,7.0,91.6,5.1,NW,96.5,26.2,201.1,2.7,0.84,90
2023-05-18,01:52:00,Newton,34.00618,-118.20835,Assault,16,M,1057.5,292.9,8.55,9.3,62.4,4.0,SW,96.6,72.7,185.9,3.5,0.0,63
2023-04-21,07:03:00,Wilshire,34.05188,-118.26248,Burglary,52,M,1400.8,249.1,7.03,37.1,10.0,3.7,S,89.4,61.8,29.8,4.1,35.68,85
2023-09-30,22:02:00,Hollywood,34.03654,-118.18912,Assault,45,F,1098.0,285.9,3.04,15.9,69.0,2.2,SW,86.7,40.8,27.7,10.0,0.0,61
2023-12-13,10:23:00,Wilshire,34.04569,-118.10684,Assault,30,F,1159.3,75.4,16.42,25.8,49.9,3.3,E,61.0,36.1,81.8,10.1,0.0,93
2023-09-13,07:34:00,Pacific,34.04105,-118.25478,Vandalism,27,M,1149.7,204.8,21.03,33.6,24.7,2.6,NE,78.2,17.9,156.3,6.3,0.0,84
2023-04-15,08:22:00,Central,34.01341,-118.23238,Theft,44,F,774.9,183.8,16.0,1.5,71.6,2.4,NW,80.2,40.2,196.4,6.1,0.0,71
2023-11-04,13:45:00,Rampart,34.05977,-118.22103,Vandalism,24,M,1157.7,193.8,3.7,29.0,29.3,3.6,W,66.3,39.2,73.0,3.3,0.0,51
2023-06-13,10:42:00,Hollywood,33.99687,-118.14942,Burglary,36,M,987.5,159.8,13.94,25.2,38.8,14.0,E,73.4,118.7,80.4,0.6,32.34,80
2023-11-05,11:29:00,Central,34.09944,-118.24413,Trespassing,52,F,815.8,219.8,15.12,33.1,33.5,1.8,S,65.2,68.2,76.0,4.0,2.96,49
2023-06-02,18:03:00,Hollywood,34.08117,-118.28145,Robbery,22,M,996.6,109.6,7.98,10.5,58.5,10.0,N,84.6,55.5,88.3,11.3,0.0,47
2023-11-30,20:41:00,Valley,34.02533,-118.30332,Theft,40,M,994.9,220.2,12.44,31.6,28.2,5.3,W,93.2,59.4,104.0,2.9,0.0,82
2023-06-22,17:10:00,Wilshire,34.02775,-118.2429,Trespassing,39,M,1306.0,161.4,7.72,14.1,65.3,2.8,E,96.1,135.2,67.5,3.7,0.0,75
2023-06-03,11:04:00,Newton,34.06378,-118.26242,Vandalism,33,M,887.2,175.0,17.64,28.4,22.5,1.2,SW,89.1,35.5,75.8,8.6,0.0,69
2023-07-03,16:32:00,Rampart,34.01007,-118.1395,Trespassing,27,M,942.0,221.9,11.83,19.7,46.7,0.8,W,75.4,31.2,120.6,3.6,12.64,83
2023-07-06,15:59:00,Wilshire,34.1406,-118.15151,Burglary,53,M,1147.1,203.9,5.41,26.2,24.0,2.2,NW,65.7,141.4,36.4,4.1,0.0,71
2023-06-14,23:09:00,Central,34.0679,-118.29172,Assault,26,F,834.8,252.7,13.35,20.4,50.5,3.2,SW,67.4,84.3,279.5,8.7,0.0,77
2023-12-03,07:39:00,Valley,34.06966,-118.27554,Assault,10,M,968.2,151.5,15.29,5.3,52.7,7.1,SE,72.3,29.2,153.6,0.6,0.01,77
2023-11-08,19:02:00,Valley,34.08407,-118.23631,Burglary,44,F,767.1,196.0,10.99,-5.0,96.3,6.4,SE,76.1,143.8,215.6,1.7,0.0,87
2023-03-28,03:26:00,Valley,34.02103,-118.17014,Burglary,16,M,1284.0,244.4,12.4,21.7,34.3,2.7,SE,83.4,38.2,48.4,16.2,0.0,82
2023-10-10,08:59:00,Central,34.10445,-118.23715,Theft,45,M,1039.7,218.1,9.65,17.9,35.4,2.2,W,74.9,38.2,60.9,8.7,0.0,88
2023-01-23,06:57:00,Central,34.05573,-118.27236,Theft,55,F,1096.8,221.3,4.33,23.2,41.6,2.7,N,88.4,13.9,16.0,9.5,0.0,62
2023-06-09,21:09:00,Central,34.09751,-118.24294,Vandalism,44,F,1283.2,255.4,9.24,18.0,70.1,3.3,S,82.7,17.9,96.5,6.1,1.67,66
2023-03-24,12:34:00,Central,34.0401,-118.27142,Burglary,51,M,955.5,179.7,12.62,36.1,32.9,1.7,NW,85.1,97.9,98.5,6.7,3.16,77
2023-03-07,04:08:00,Valley,34.11586,-118.20988,Theft,65,F,1037.6,169.2,9.36,21.8,28.0,3.7,W,96.4,45.1,112.6,3.0,0.0,73
2023-02-06,18:01:00,Valley,34.07007,-118.27545,Theft,49,F,888.7,228.8,14.0,16.4,41.9,3.5,NE,73.2,49.0,26.3,4.0,0.0,61
2023-07-17,19:01:00,Hollywood,34.15913,-118.26552,Assault,39,F,888.3,192.5,8.04,22.7,42.0,3.5,NW,89.2,118.7,91.3,9.7,0.0,51
2023-02-08,14:49:00,Wilshire,34.03152,-118.1819,Theft,59,F,915.9,256.1,8.37,16.6,77.5,8.7,SW,84.9,72.1,116.8,3.4,2.78,62
2023-06-08,06:17:00,Rampart,34.06023,-118.27842,Assault,61,M,1001.5,218.5,14.16,20.7,39.5,8.1,SW,81.7,18.1,129.1,2.9,6.46,81
2023-01-22,13:04:00,Newton,33.99842,-118.31231,Assault,61,M,1023.0,168.8,11.11,10.3,55.3,4.6,W,93.9,111.2,62.8,4.9,0.0,48
2023-02-18,19:53:00,Valley,34.02354,-118.23525,Robbery,27,F,1157.7,216.9,7.94,19.9,65.4,4.2,W,93.8,100.8,306.1,6.2,3.57,84
2023-09-28,19:17:00,Newton,34.08093,-118.25802,Assault,14,M,921.8,154.9,15.17,16.2,57.7,13.1,S,75.5,45.2,79.8,11.8,0.0,71
2023-05-08,19:58:00,Wilshire,34.10647,-118.21443,Vandalism,26,F,1163.9,247.3,6.56,11.0,74.0,0.1,N,83.2,15.0,103.3,26.2,0.0,57
2023-09-06,05:09:00,Wilshire,34.19825,-118.22413,Theft,45,M,1197.0,130.1,6.37,35.8,19.0,6.6,W,87.8,65.9,73.6,2.2,24.13,82
2023-11-17,07:23:00,Newton,34.04517,-118.2416,Theft,37,M,1006.4,261.1,0.1,11.3,62.0,15.3,SE,82.3,21.6,63.5,8.0,6.82,50
2023-03-20,21:52:00,Valley,34.00334,-118.24305,Burglary,31,F,939.1,216.0,7.23,20.1,63.1,2.5,S,90.9,40.9,143.4,5.3,8.16,73
2023-06-24,14:51:00,Newton,34.08767,-118.27679,Burglary,43,M,1117.0,191.8,16.54,13.6,58.2,4.2,NE,87.8,43.2,27.1,0.8,3.23,93
2023-01-03,02:51:00,Hollywood,33.99361,-118.23583,Burglary,12,F,1059.4,238.2,0.1,22.4,57.7,3.2,SE,100.0,23.3,149.2,13.6,0.0,53
2023-09-19,16:36:00,Pacific,34.07821,-118.19594,Theft,37,F,1144.1,225.6,5.24,9.8,69.2,4.0,NE,69.7,122.3,101.6,3.6,0.0,66
2023-05-12,12:47:00,Valley,34.02489,-118.28867,Assault,51,F,1414.0,266.5,12.2,26.7,29.5,6.8,E,83.8,28.9,82.8,3.4,4.38,99
2023-11-09,01:55:00,Valley,34.06058,-118.24027,Burglary,43,F,1113.7,266.1,0.1,36.3,25.4,9.4,NE,75.9,117.2,38.1,13.6,0.0,51
2023-11-18,10:54:00,Rampart,34.10455,-118.18808,Trespassing,45,F,972.2,217.6,7.45,13.3,69.9,2.7,SE,91.0,54.6,96.1,4.8,4.26,54
2023-05-28,02:10:00,Central,34.04446,-118.21473,Vandalism,58,F,921.8,156.4,15.7,29.7,42.1,6.1,E,68.8,13.2,142.4,11.0,0.0,83
2023-02-21,01:23:00,Pacific,34.09664,-118.17453,Assault,34,F,929.6,172.9,20.22,16.9,54.2,6.7,SE,88.5,45.8,104.5,4.1,7.08,85
2023-03-07,14:36:00,Wilshire,34.09366,-118.26841,Vandalism,25,M,807.4,196.4,11.45,32.0,13.0,2.6,SW,78.7,121.2,89.4,7.2,0.0,63
2023-06-12,09:21:00,Valley,33.95678,-118.33154,Theft,52,M,1286.5,254.1,5.37,37.5,10.0,4.3,SE,77.7,44.4,78.9,4.5,2.13,85
2023-06-04,18:26:00,Newton,34.00492,-118.22997,Burglary,52,M,653.3,177.2,5.2,18.1,37.0,4.7,E,70.5,27.7,68.5,2.5,0.0,41
2023-03-02,04:32:00,Pacific,33.97191,-118.22187,Assault,43,M,1197.6,181.4,10.72,7.8,63.1,0.6,NE,80.3,97.7,40.2,7.4,1.49,81
2023-08-28,12:14:00,Rampart,34.15009,-118.17158,Theft,32,F,926.4,292.4,11.4,27.6,34.9,5.0,SW,95.8,25.1,140.6,8.6,0.0,63
2023-01-20,14:51:00,Wilshire,34.04473,-118.18059,Vandalism,35,F,997.5,194.8,19.29,21.8,32.6,0.4,N,84.7,39.8,109.4,5.0,0.0,92
2023-09-18,05:10:00,Central,34.13904,-118.21316,Vandalism,15,F,920.4,168.3,14.85,24.0,54.2,5.7,N,91.3,48.1,146.5,0.6,7.9,79
2023-01-23,08:57:00,Central,33.96835,-118.20173,Assault,51,M,1389.2,238.8,10.42,17.3,41.4,4.3,NW,100.0,40.3,67.6,1.8,4.93,99
2023-01-06,18:28:00,Rampart,34.02136,-118.24959,Burglary,51,F,1103.3,197.2,8.32,12.9,46.9,6.9,N,87.6,52.7,83.0,3.2,16.36,66
2023-07-06,04:13:00,Rampart,34.09002,-118.30096,Burglary,15,M,1258.1,130.5,25.07,29.3,37.0,0.1,N,79.4,43.7,38.5,12.9,0.0,108
2023-05-08,03:02:00,Newton,34.05896,-118.23411,Assault,48,F,1360.1,252.0,13.13,22.6,55.9,7.0,S,89.7,22.8,28.2,4.8,0.0,102
2023-10-01,20:46:00,Valley,34.07664,-118.19087,Assault,41,F,1132.7,162.6,6.66,8.5,87.9,6.6,N,79.6,37.2,99.5,12.7,0.0,72
2023-03-11,14:35:00,Central,33.98731,-118.20718,Burglary,19,M,860.9,202.2,8.88,25.5,47.6,10.1,E,80.0,72.6,18.5,10.1,0.0,51
2023-02-21,21:40:00,Wilshire,34.11884,-118.19831,Theft,16,M,1055.9,196.6,5.61,23.9,60.0,0.7,W,69.8,115.8,117.4,3.4,0.7,77
2023-09-20,20:16:00,Pacific,34.08885,-118.26139,Trespassing,40,M,951.6,211.5,0.1,17.4,41.8,5.4,N,94.3,16.6,61.3,5.8,0.0,30
2023-05-04,02:07:00,Wilshire,34.07008,-118.25328,Theft,29,F,999.3,90.4,11.56,33.0,52.2,0.4,SE,81.1,19.7,340.6,8.8,0.0,80
2023-01-14,22:16:00,Hollywood,34.01572,-118.21583,Theft,62,F,1081.1,183.2,18.91,15.1,38.8,5.2,W,86.8,80.6,95.0,2.6,0.0,79
2023-05-03,15:35:00,Hollywood,34.06619,-118.26733,Assault,49,F,1073.2,256.2,1.85,18.6,47.0,7.4,N,74.6,153.1,136.2,8.3,0.0,76
2023-05-11,07:08:00,Rampart,34.03543,-118.26579,Trespassing,42,M,1182.4,263.3,10.28,26.1,46.4,1.7,W,89.4,30.8,57.5,7.6,0.0,64
2023-09-17,11:12:00,Newton,33.96748,-118.2251,Burglary,42,M,1211.5,150.4,6.47,20.6,33.0,2.7,NE,77.4,22.0,192.1,2.5,0.0,85
2023-04-04,08:15:00,Hollywood,34.04748,-118.20195,Trespassing,54,F,1073.2,246.0,12.61,8.9,57.3,3.4,E,83.6,107.9,202.0,7.1,0.0,78
2023-10-10,10:36:00,Central,34.04216,-118.24998,Trespassing,47,F,1180.7,161.9,9.14,21.5,36.9,0.8,E,93.8,105.0,172.4,4.6,0.0,73
2023-11-07,00:38:00,Wilshire,34.10312,-118.29816,Theft,42,M,990.1,181.3,3.2,16.7,51.9,4.9,NW,92.9,4.9,300.5,1.4,1.17,57
2023-06-25,12:44:00,Wilshire,33.93828,-118.27679,Trespassing,20,M,1363.0,183.9,5.09,26.9,53.9,0.5,W,84.8,8.9,42.1,3.2,0.0,84
2023-11-21,05:22:00,Rampart,34.06176,-118.22982,Vandalism,80,F,986.9,205.4,5.85,21.2,48.4,2.8,NW,67.3,19.3,143.0,3.1,0.0,52
2023-12-22,15:53:00,Valley,33.99222,-118.23042,Assault,18,M,1339.4,250.1,16.72,20.8,44.2,10.3,SW,100.0,82.9,53.5,14.4,0.0,92
2023-02-16,16:15:00,Valley,34.06596,-118.22794,Assault,30,M,804.8,213.2,16.47,11.6,33.7,3.9,S,100.0,48.9,43.5,1.8,1.2,79
2023-04-11,05:56:00,Pacific,34.06871,-118.21394,Vandalism,10,M,1023.9,193.7,8.44,18.2,57.4,1.0,SE,92.2,59.6,91.4,2.9,55.08,51
2023-05-22,13:41:00,Rampart,34.04566,-118.23971,Burglary,43,F,1033.8,248.4,16.14,27.8,46.3,1.3,W,77.5,130.1,109.9,6.6,2.21,78
2023-09-04,22:52:00,Pacific,34.09036,-118.22675,Theft,37,F,1155.8,159.9,9.13,13.8,42.3,0.6,E,83.9,28.2,87.0,5.2,0.0,106
2023-11-12,16:45:00,Valley,33.98771,-118.24225,Trespassing,46,F,1272.4,196.1,8.37,19.7,49.7,5.2,NW,79.6,64.4,35.2,4.3,4.68,70
2023-01-07,13:15:00,Rampart,34.10539,-118.18256,Burglary,10,F,850.1,249.8,10.29,12.5,63.2,1.0,NE,97.6,84.7,97.8,4.2,0.0,74
2023-11-07,19:16:00,Rampart,34.0146,-118.16838,Theft,51,F,878.4,226.5,11.42,10.5,73.9,6.2,N,87.6,34.3,92.3,9.6,0.0,60
2023-02-24,17:01:00,Rampart,33.97221,-118.29945,Robbery,22,M,819.6,176.7,7.22,19.3,43.8,3.8,E,77.2,21.1,44.7,2.5,4.78,60
2023-05-13,23:15:00,Valley,34.03638,-118.25276,Robbery,32,F,1364.0,124.4,10.11,21.4,39.2,0.4,NE,80.3,103.7,226.9,1.9,0.0,94
2023-04-22,05:56:00,Pacific,33.94524,-118.23836,Trespassing,48,M,1159.5,215.5,13.94,36.0,21.5,0.5,N,96.2,62.3,283.2,0.6,7.0,97
2023-06-07,07:07:00,Pacific,34.06271,-118.25335,Vandalism,38,F,883.1,121.1,10.65,16.4,68.3,1.5,S,100.0,12.7,102.1,3.4,2.51,63
2023-08-01,13:03:00,Rampart,34.03704,-118.15035,Trespassing,39,M,1011.4,189.4,10.21,19.6,61.0,2.9,E,100.0,130.2,14.2,1.5,0.0,90
2023-03-26,03:32:00,Hollywood,34.11168,-118.2288,Theft,46,M,1336.4,258.9,12.47,10.0,64.8,7.7,NW,92.6,68.9,93.1,3.9,0.0,85
2023-09-05,20:22:00,Newton,34.08245,-118.28027,Burglary,41,M,1044.4,229.8,13.33,24.9,52.9,4.7,E,82.5,89.8,185.6,0.9,0.0,81
2023-12-03,18:43:00,Valley,33.9804,-118.21018,Vandalism,29,M,1032.6,98.8,9.69,23.2,21.5,5.5,W,52.6,54.8,94.6,3.8,0.0,73
2023-11-13,15:28:00,Newton,34.00808,-118.22645,Theft,32,M,943.7,210.0,7.63,31.9,40.1,2.6,W,88.0,26.7,86.5,6.3,1.41,51
2023-08-10,07:57:00,Newton,34.07603,-118.22479,Assault,38,M,895.0,184.0,10.95,28.9,25.5,0.6,NE,85.0,58.1,144.7,4.8,0.0,63
2023-02-11,01:01:00,Pacific,34.09235,-118.14961,Theft,21,X,1336.7,136.3,2.03,22.8,63.5,5.1,NW,86.4,113.2,343.2,7.8,0.72,72
2023-12-11,10:12:00,Pacific,34.11113,-118.22246,Theft,49,M,1434.8,216.8,8.95,16.2,45.0,3.6,SW,85.5,40.1,116.9,10.7,0.0,85
2023-07-20,13:10:00,Hollywood,34.11073,-118.25518,Burglary,39,F,903.0,175.4,0.1,21.6,39.0,2.1,W,71.7,21.2,102.8,6.1,0.0,69
2023-09-08,04:20:00,Newton,34.04552,-118.33776,Vandalism,36,F,1381.0,175.7,1.62,19.1,57.0,3.5,SE,90.6,231.0,212.3,4.9,1.22,63
2023-10-28,22:54:00,Newton,34.06813,-118.24827,Theft,52,X,1002.5,206.2,0.87,27.6,45.1,1.8,S,91.3,57.1,126.7,6.8,0.0,63
2023-09-16,14:10:00,Rampart,34.11494,-118.1747,Vandalism,33,F,1206.7,168.7,15.24,26.6,35.6,1.8,SE,91.8,57.6,261.7,6.3,0.0,99
2023-07-08,20:47:00,Pacific,34.03483,-118.24456,Burglary,32,F,1382.0,204.8,10.07,17.6,57.3,4.5,E,94.5,41.7,44.1,8.8,0.0,89
2023-05-13,19:12:00,Newton,34.06899,-118.352,Burglary,27,M,1071.0,170.3,3.69,8.3,72.5,4.9,SE,91.0,63.9,44.5,5.2,50.39,52
2023-07-31,04:39:00,Wilshire,34.03366,-118.26492,Assault,40,M,1034.4,173.1,12.46,30.7,37.9,0.6,N,80.9,89.7,50.9,1.6,0.0,68
2023-01-07,15:00:00,Hollywood,34.02245,-118.19037,Robbery,39,M,1260.2,249.6,14.94,24.7,39.0,2.8,S,84.3,76.9,165.0,10.4,0.0,87
2023-10-04,06:27:00,Wilshire,34.05242,-118.21271,Assault,25,F,878.0,254.7,12.54,17.4,58.9,2.3,SE,85.9,105.6,117.3,0.9,0.0,51
2023-02-06,02:31:00,Wilshire,34.01562,-118.28199,Theft,32,F,1329.4,114.6,9.06,24.3,57.5,9.1,N,86.1,58.0,78.1,8.3,0.53,74
2023-05-12,01:51:00,Valley,34.04345,-118.26826,Assault,25,M,1128.6,237.4,11.16,20.6,36.8,6.0,NE,95.0,40.1,117.9,6.7,4.21,63
2023-09-12,09:26:00,Valley,33.99825,-118.26054,Assault,24,M,984.4,269.9,14.51,30.5,25.8,5.5,SE,91.4,107.0,181.2,6.8,0.0,91
2023-02-04,02:35:00,Hollywood,34.0405,-118.27314,Theft,10,F,979.2,277.9,7.65,4.6,73.4,2.0,S,100.0,120.8,75.3,5.3,0.0,70
2023-09-03,05:51:00,Wilshire,34.07242,-118.34148,Theft,31,M,823.3,226.0,10.15,16.8,44.2,1.2,N,100.0,39.5,152.3,2.8,0.0,69
2023-05-14,07:22:00,Newton,34.02056,-118.20182,Burglary,10,F,992.8,147.1,8.71,32.8,12.8,1.7,SE,85.8,21.6,69.0,4.6,11.0,72
2023-04-14,13:43:00,Pacific,34.05046,-118.17715,Assault,28,F,1047.2,231.5,1.93,24.5,54.2,7.3,NE,46.6,49.6,29.2,11.4,0.0,57
2023-09-03,17:04:00,Hollywood,34.05697,-118.31592,Burglary,25,F,887.7,156.5,14.58,34.2,10.0,1.1,SE,97.4,23.9,94.6,7.0,0.0,88
2023-01-03,18:40:00,Rampart,34.07263,-118.17781,Vandalism,50,F,1090.9,182.9,20.29,10.2,60.6,11.6,N,79.6,45.7,26.7,7.0,3.72,89
2023-09-05,01:14:00,Wilshire,34.04332,-118.24515,Theft,19,F,1194.6,219.2,5.63,28.6,44.7,3.7,SE,77.0,67.7,74.5,11.6,29.09,72
2023-06-24,15:32:00,Hollywood,34.10429,-118.17874,Burglary,23,F,1057.3,159.8,14.81,28.1,40.5,11.0,S,81.0,21.0,103.5,12.5,0.6,89
2023-12-13,21:22:00,Central,33.94495,-118.2381,Assault,29,F,1232.5,142.7,5.79,6.5,66.3,7.4,E,80.5,48.4,51.2,8.6,0.0,59
2023-12-08,00:32:00,Central,34.19689,-118.23322,Assault,26,F,938.6,223.3,10.66,17.6,42.6,0.4,NW,91.1,51.3,136.9,17.4,12.6,99
2023-01-27,14:24:00,Valley,34.00644,-118.22138,Robbery,55,M,1300.7,293.4,17.54,19.1,54.7,1.8,NW,69.4,93.0,79.4,6.9,0.0,100
2023-12-17,16:39:00,Pacific,34.07017,-118.2795,Trespassing,17,M,1124.4,262.2,7.4,7.0,59.6,4.5,N,74.2,124.1,139.7,8.5,0.0,72
2023-08-19,06:33:00,Newton,34.00308,-118.18027,Burglary,29,M,1409.1,235.4,9.93,17.8,56.0,2.1,N,88.4,39.1,92.4,9.9,0.0,102
2023-04-16,10:36:00,Pacific,34.08221,-118.29607,Theft,39,M,1582.8,249.0,0.99,27.0,40.9,5.3,N,91.2,173.8,81.3,12.1,0.0,90
2023-03-17,15:40:00,Pacific,34.06383,-118.2601,Assault,48,F,1006.0,231.9,6.68,16.9,56.2,14.9,N,91.4,82.4,51.5,2.3,0.0,64
2023-07-04,09:17:00,Pacific,34.01746,-118.21379,Assault,29,F,1014.2,222.5,0.47,21.9,40.7,10.1,SE,77.1,36.4,95.6,1.5,0.0,52
2023-09-25,21:37:00,Pacific,34.10365,-118.26546,Theft,10,M,1050.8,244.9,12.15,22.0,67.4,2.1,S,75.2,38.5,104.1,1.7,0.0,61
2023-08-23,08:57:00,Rampart,34.0418,-118.20112,Robbery,32,M,1219.1,131.6,14.16,19.9,53.7,12.2,NW,79.9,35.5,119.1,3.4,6.77,83
2023-05-25,08:29:00,Rampart,34.07736,-118.17121,Trespassing,55,F,1365.2,210.0,8.89,14.4,55.7,2.3,NE,87.4,33.6,111.6,10.1,0.0,91
2023-02-15,19:13:00,Valley,34.00414,-118.18937,Vandalism,39,M,969.4,196.0,11.43,25.3,44.7,3.1,NW,99.9,112.4,34.9,4.1,0.0,75
2023-12-14,10:48:00,Hollywood,34.04846,-118.33681,Assault,38,M,1176.2,203.9,8.37,7.3,61.3,4.8,S,64.5,88.2,176.2,4.6,0.0,87
2023-01-03,06:27:00,Central,34.15017,-118.23371,Theft,19,F,1072.8,176.9,13.7,20.1,46.0,3.7,N,82.8,41.7,122.0,1.5,0.0,79
2023-02-27,11:05:00,Pacific,34.09815,-118.18857,Assault,17,F,1223.6,226.0,10.65,31.1,57.3,9.8,SW,71.7,28.4,97.3,1.7,0.0,68
2023-04-20,03:24:00,Valley,34.06538,-118.30584,Vandalism,35,M,1401.9,159.1,0.1,16.4,47.7,11.5,SE,68.5,103.6,118.3,3.3,0.0,80
2023-04-02,07:24:00,Hollywood,34.02755,-118.20382,Assault,13,M,1051.9,173.3,14.7,14.2,58.0,5.3,SW,94.7,56.5,133.3,2.7,6.83,96
2023-02-12,03:32:00,Central,34.05337,-118.20663,Theft,46,M,766.0,167.3,8.05,25.8,36.7,0.9,SE,90.4,18.1,291.2,8.7,2.87,63
2023-06-02,21:16:00,Wilshire,34.05988,-118.3006,Assault,22,F,1248.8,243.2,3.65,21.3,37.6,9.9,N,89.5,4.5,62.8,1.5,1.96,68
2023-06-05,13:12:00,Newton,34.07246,-118.19829,Burglary,34,F,933.5,199.4,7.81,26.0,45.3,10.1,SE,94.2,42.8,64.1,1.9,0.0,72
2023-12-25,20:51:00,Rampart,33.99617,-118.22637,Robbery,10,M,1071.4,177.0,0.49,20.3,49.9,3.6,N,80.2,60.5,42.2,6.3,0.0,88
2023-03-21,09:52:00,Wilshire,34.08342,-118.20748,Burglary,29,F,1257.4,181.3,3.75,0.9,87.8,0.7,S,80.7,71.2,21.8,4.2,0.0,71
2023-03-01,17:19:00,Central,33.99552,-118.28832,Vandalism,17,F,1159.5,200.2,10.71,29.4,43.9,0.6,W,100.0,130.4,124.0,3.9,1.39,66
2023-01-13,11:15:00,Wilshire,34.13156,-118.23249,Assault,10,M,1079.7,281.1,11.13,36.6,34.2,1.2,E,82.5,11.2,298.8,10.0,0.0,70
2023-02-19,01:20:00,Newton,34.01142,-118.32524,Burglary,43,F,984.8,138.2,11.53,30.3,25.4,3.3,SE,92.4,56.9,77.0,4.0,0.0,78
2023-05-17,12:22:00,Valley,34.06483,-118.35385,Burglary,59,F,520.0,233.8,10.02,-8.3,98.9,9.6,N,85.1,48.7,201.0,5.1,0.0,29
2023-10-06,04:13:00,Central,34.10026,-118.23296,Burglary,51,M,1239.7,223.6,6.54,23.6,51.2,7.0,SW,66.5,21.7,77.8,3.3,0.0,76
2023-10-23,14:55:00,Wilshire,34.03738,-118.18497,Theft,45,M,1049.4,155.9,9.73,16.3,45.4,7.8,N,64.6,95.1,194.9,4.6,0.0,75
2023-02-12,16:36:00,Rampart,34.06703,-118.22735,Assault,28,F,1402.7,273.3,7.81,11.3,59.8,5.3,SW,79.2,41.6,117.6,8.9,0.2,101
2023-08-02,03:55:00,Rampart,34.12176,-118.24317,Trespassing,47,F,1179.6,227.0,1.87,21.0,34.0,4.2,NW,95.6,48.2,96.2,3.7,0.0,75
2023-04-27,04:00:00,Hollywood,34.07822,-118.24938,Vandalism,53,F,991.8,174.6,6.14,18.8,58.5,4.1,SE,92.9,26.4,63.4,5.8,0.0,70
2023-10-15,21:28:00,Wilshire,34.06778,-118.28713,Assault,37,F,1313.4,107.0,14.45,24.1,50.5,1.4,NE,94.1,55.6,99.4,3.7,0.0,72
2023-05-10,06:21:00,Pacific,33.96576,-118.25109,Vandalism,17,F,1330.2,211.5,17.94,20.5,63.6,1.5,SW,75.1,73.8,162.9,0.6,0.0,111
2023-05-04,15:11:00,Wilshire,34.00331,-118.21892,Vandalism,27,M,1056.2,197.8,13.26,11.0,61.2,2.9,N,100.0,55.2,57.7,2.7,0.0,86
2023-03-24,18:20:00,Valley,34.10235,-118.26176,Theft,60,F,1338.7,148.5,17.72,15.4,61.4,2.5,SE,75.4,35.0,89.3,3.3,0.0,104
2023-02-15,23:54:00,Central,34.0785,-118.20247,Assault,33,M,988.9,147.8,10.43,14.1,68.7,4.1,N,87.1,78.2,108.1,5.1,0.0,53
2023-05-04,20:32:00,Central,34.08607,-118.2302,Assault,10,M,1131.9,243.4,18.71,6.3,63.1,8.3,NE,84.9,79.8,159.4,7.7,3.28,86
2023-02-25,04:19:00,Valley,34.08177,-118.22415,Theft,12,F,1214.3,102.2,20.27,9.0,57.4,1.5,E,83.3,72.4,101.4,4.3,0.0,89
2023-10-12,17:15:00,Wilshire,34.11449,-118.19557,Robbery,28,F,1257.0,215.7,1.33,18.3,45.3,2.8,W,98.4,93.7,78.3,3.6,0.0,45
2023-05-16,10:04:00,Valley,34.03693,-118.26634,Theft,50,M,1224.3,190.6,11.11,31.4,29.4,6.5,W,77.9,35.7,112.8,6.1,4.87,83
2023-11-20,17:12:00,Newton,34.05602,-118.20703,Assault,30,F,1033.5,224.9,10.43,15.7,47.7,6.4,NE,71.5,31.6,191.9,4.9,0.0,64
2023-02-11,02:03:00,Valley,33.99857,-118.25932,Theft,50,M,1318.7,185.3,7.88,13.9,52.3,4.6,S,85.2,27.5,126.3,1.5,0.0,107
2023-11-27,10:53:00,Rampart,33.9861,-118.22302,Vandalism,27,M,1075.1,214.7,12.46,10.5,73.0,4.5,SE,81.0,19.7,90.9,12.8,0.0,76
2023-02-06,01:34:00,Valley,33.96781,-118.27229,Vandalism,10,M,986.2,162.9,10.21,20.2,48.7,3.6,NE,100.0,31.4,98.2,3.8,0.0,82
2023-10-23,12:03:00,Central,34.00574,-118.28554,Assault,27,F,989.1,197.5,6.32,29.4,38.9,3.9,E,91.8,34.0,44.0,4.9,0.0,46
2023-11-12,08:57:00,Rampart,34.12763,-118.23541,Vandalism,40,F,1488.0,224.5,9.87,36.0,20.5,12.3,N,80.9,27.6,150.9,1.2,0.0,88
2023-01-04,19:26:00,Central,33.97236,-118.33426,Burglary,38,M,951.6,207.5,16.02,22.3,40.4,1.1,SE,74.4,47.8,35.6,10.4,0.0,80
2023-04-07,19:27:00,Hollywood,34.03482,-118.25481,Assault,16,F,1358.3,219.0,10.91,21.1,51.2,3.3,NW,66.2,14.8,69.9,3.4,0.0,80
2023-06-02,21:44:00,Pacific,33.98534,-118.32032,Theft,29,M,872.9,153.6,13.13,15.7,57.8,1.6,SW,74.7,93.6,83.7,13.7,8.02,65
2023-08-31,19:32:00,Central,34.01995,-118.20104,Assault,75,F,1197.6,170.5,8.61,17.0,62.3,6.0,NE,86.1,44.9,69.8,4.7,0.0,74
2023-08-13,02:30:00,Rampart,34.05848,-118.18749,Burglary,16,M,1159.4,171.3,12.26,25.0,55.5,3.8,NW,99.3,60.2,45.5,7.3,0.0,80
2023-05-18,08:15:00,Hollywood,34.01499,-118.2832,Burglary,44,M,1424.2,186.2,3.95,17.5,46.9,2.6,NW,96.2,20.9,58.6,3.7,0.01,97
2023-07-20,22:16:00,Central,34.10448,-118.21858,Robbery,10,F,969.1,267.9,7.5,18.7,60.6,3.2,E,87.3,49.6,34.1,1.6,0.0,67
2023-03-04,08:20:00,Newton,34.1267,-118.19504,Vandalism,47,M,913.9,182.3,9.49,19.8,39.5,6.1,NW,81.8,70.9,241.1,6.6,0.0,69
2023-04-16,23:37:00,Valley,33.93755,-118.19488,Assault,21,M,1076.7,142.8,3.62,15.3,77.8,2.9,NE,87.7,55.8,64.6,6.6,0.0,66
2023-09-01,11:25:00,Pacific,34.01585,-118.22928,Theft,41,F,1433.0,227.1,5.85,19.4,43.0,5.5,S,79.8,103.2,60.2,0.4,0.0,89
2023-01-27,11:02:00,Central,34.05296,-118.20328,Theft,15,F,923.2,267.3,11.57,3.8,81.1,2.9,W,100.0,62.3,297.8,1.4,0.0,68
2023-02-21,17:00:00,Hollywood,34.10631,-118.27247,Assault,39,M,582.3,136.9,10.65,24.4,32.5,10.0,W,83.1,14.1,28.2,10.3,0.0,47
2023-09-11,07:38:00,Newton,34.02729,-118.23584,Theft,21,M,1112.0,298.6,14.03,38.8,20.3,9.9,SE,84.1,35.7,135.8,3.4,4.6,85
2023-03-04,10:50:00,Wilshire,34.049,-118.26336,Theft,24,M,1289.9,220.8,7.0,15.6,72.1,2.6,N,62.8,19.0,96.8,8.0,24.07,90
2023-05-05,10:48:00,Hollywood,33.99216,-118.27669,Theft,41,F,897.2,251.7,10.29,23.0,37.3,3.3,E,83.0,90.2,46.0,18.1,7.48,76
2023-04-18,10:17:00,Valley,33.97336,-118.2382,Burglary,28,M,1269.6,273.4,6.64,26.8,61.8,1.4,NE,93.4,49.2,101.6,6.9,0.0,74
2023-05-29,13:45:00,Hollywood,34.12227,-118.22262,Theft,40,F,892.8,248.6,13.53,30.2,34.6,7.0,SE,74.3,107.3,266.1,4.8,0.0,79
2023-06-11,01:15:00,Newton,33.9588,-118.18182,Vandalism,32,X,1070.7,194.5,15.95,17.9,62.9,6.9,NE,77.5,15.0,135.0,2.7,0.0,83
2023-05-25,12:44:00,Hollywood,34.16643,-118.22674,Assault,36,M,1250.5,260.9,12.42,5.6,75.7,3.3,SE,92.9,36.9,123.7,6.1,0.0,87
2023-10-31,19:17:00,Newton,34.08626,-118.2079,Assault,41,M,862.5,212.7,15.31,22.1,51.4,6.1,W,70.2,63.0,37.9,6.6,0.0,69
2023-07-17,02:21:00,Central,34.084,-118.20734,Burglary,29,M,1136.3,254.5,10.16,21.0,34.2,2.9,NW,95.6,30.6,51.8,5.2,0.0,75
2023-05-04,11:24:00,Newton,34.07877,-118.10562,Burglary,20,M,1343.0,260.0,14.03,17.2,49.4,3.2,S,79.7,14.7,29.8,8.2,0.0,108
2023-01-28,03:21:00,Newton,34.03737,-118.3305,Theft,27,F,1194.8,145.5,10.38,18.9,63.6,6.8,NE,81.1,122.5,99.0,1.7,0.0,81
2023-09-04,16:49:00,Pacific,34.0696,-118.2744,Burglary,52,M,955.9,239.7,4.88,21.1,44.8,1.8,S,73.8,94.1,96.2,5.3,0.0,58
2023-06-02,17:30:00,Newton,34.04056,-118.1663,Assault,36,M,1403.7,190.9,11.23,22.9,47.0,4.8,SW,88.8,30.6,52.0,4.8,0.42,78
2023-12-26,05:53:00,Newton,34.07765,-118.2576,Vandalism,22,F,1231.7,206.9,5.02,22.6,30.7,2.0,SW,100.0,53.5,163.4,3.1,0.0,68
2023-05-29,23:32:00,Wilshire,34.04832,-118.19571,Burglary,41,M,727.9,206.4,21.7,18.3,47.2,11.5,NW,92.8,20.2,36.1,6.5,1.44,77
2023-12-27,15:32:00,Central,34.00248,-118.2285,Trespassing,42,F,1272.8,204.3,8.33,23.1,56.6,3.5,W,76.4,33.8,55.0,1.6,0.0,72
2023-08-09,00:37:00,Valley,34.00647,-118.13474,Assault,42,M,985.7,276.2,13.23,17.7,40.6,3.2,E,96.4,14.0,101.2,2.6,2.29,75
2023-07-20,18:26:00,Pacific,34.00079,-118.29565,Assault,20,F,1139.3,131.7,9.94,25.1,49.5,3.1,S,81.8,169.2,39.5,3.8,5.28,72
2023-01-20,15:35:00,Wilshire,34.09855,-118.17891,Assault,24,F,1301.6,113.9,3.83,15.0,59.3,1.3,SE,98.7,53.7,75.7,4.2,1.1,73
2023-01-10,14:07:00,Rampart,34.01913,-118.15252,Assault,24,F,990.1,103.3,0.51,20.6,46.8,1.2,E,93.1,35.3,57.9,6.7,0.0,51
2023-10-30,11:24:00,Central,33.95439,-118.29072,Burglary,29,F,770.9,253.5,13.75,7.0,66.7,8.7,NE,55.6,10.7,111.4,7.2,0.0,56
2023-04-20,09:04:00,Central,34.06984,-118.20086,Theft,43,M,1401.1,161.3,17.75,17.0,49.5,1.7,NE,75.0,39.8,33.8,2.5,0.0,101
2023-06-15,07:47:00,Rampart,34.12573,-118.28827,Trespassing,39,M,1332.9,206.6,6.33,24.5,39.2,2.4,SE,94.4,35.4,19.4,13.6,0.0,80
2023-12-03,19:28:00,Valley,34.08865,-118.23849,Assault,40,F,1082.5,194.3,1.72,11.7,71.7,3.4,N,86.5,26.5,38.4,6.4,0.0,69
2023-10-01,23:40:00,Newton,34.01983,-118.25283,Theft,55,F,1270.7,155.7,8.37,17.4,49.5,3.6,NW,74.8,36.5,165.0,16.4,1.37,82
2023-12-26,16:03:00,Wilshire,33.97066,-118.36014,Theft,45,M,1026.1,242.6,5.31,0.8,96.9,3.8,N,78.7,16.8,157.3,12.0,0.0,55
2023-04-26,23:01:00,Hollywood,34.04329,-118.21879,Theft,32,M,1119.4,193.6,6.75,9.1,69.4,5.5,NW,65.9,101.5,47.7,3.1,0.0,73
2023-01-14,19:10:00,Pacific,34.04204,-118.23283,Assault,17,M,1071.1,188.1,13.05,11.1,57.5,8.8,NE,84.1,93.1,89.2,1.6,0.0,96
2023-05-22,02:36:00,Hollywood,34.00154,-118.16605,Assault,24,M,1034.2,211.6,9.75,20.8,58.5,3.5,NW,100.0,113.7,94.5,1.2,5.14,80
2023-06-22,16:43:00,Rampart,34.07755,-118.20944,Assault,31,M,1171.9,236.0,5.85,22.7,52.2,0.7,W,93.0,9.4,32.5,0.5,0.0,75
2023-06-12,23:17:00,Central,34.14233,-118.12546,Theft,47,F,858.4,152.1,12.94,19.6,34.1,5.2,W,100.0,162.5,59.0,5.8,0.0,76
2023-01-19,14:30:00,Valley,34.06111,-118.23465,Theft,34,M,1049.7,243.6,13.33,16.9,44.2,3.6,SE,93.8,45.3,81.1,2.9,0.0,93
2023-11-08,08:25:00,Central,34.05802,-118.24528,Burglary,25,M,1162.9,272.5,8.31,17.0,53.4,2.7,N,95.3,14.0,17.2,7.6,0.19,85
2023-12-05,12:22:00,Pacific,34.00314,-118.24922,Assault,24,F,1467.6,128.7,10.69,25.7,25.6,2.3,S,100.0,18.3,100.9,3.1,84.84,100
2023-03-01,20:28:00,Central,34.11987,-118.26198,Robbery,33,F,866.5,213.9,12.6,21.7,68.4,9.8,NE,88.8,47.3,128.2,2.5,0.0,79
2023-01-22,01:55:00,Central,34.04624,-118.35039,Theft,48,F,1204.1,184.8,12.13,17.3,62.2,3.4,SW,83.1,64.4,108.2,7.2,11.27,73
2023-11-10,04:55:00,Pacific,34.02105,-118.25101,Trespassing,58,F,1226.0,235.0,10.2,30.3,34.3,1.8,S,95.3,30.7,148.0,19.1,0.51,66
2023-10-10,04:12:00,Wilshire,34.05318,-118.34339,Theft,31,M,724.7,139.2,17.16,35.6,23.2,4.8,SE,99.5,33.4,124.0,11.8,0.0,72
2023-04-19,17:02:00,Wilshire,34.0736,-118.2174,Assault,34,F,1182.1,281.4,12.91,10.0,59.0,8.1,SW,80.2,29.3,162.6,7.3,0.0,85
2023-05-01,10:16:00,Pacific,34.05696,-118.302,Vandalism,16,F,1276.1,119.6,7.75,24.2,24.1,1.4,S,77.8,83.1,20.6,11.0,0.0,73
2023-07-31,20:22:00,Valley,34.11031,-118.28472,Theft,64,M,1217.7,187.8,7.78,44.7,10.0,8.7,N,86.4,25.6,70.8,6.8,0.0,84
2023-12-15,09:48:00,Rampart,34.0692,-118.27347,Burglary,13,F,1083.2,221.7,7.21,22.2,65.6,1.0,NW,93.3,25.4,44.1,0.4,0.0,49
2023-02-12,19:09:00,Central,34.0358,-118.25025,Vandalism,52,F,1166.6,165.7,13.16,20.9,64.4,4.1,W,93.0,168.1,21.0,8.3,0.0,79
2023-08-16,21:44:00,Valley,34.07006,-118.23966,Theft,29,M,1134.0,157.8,6.89,19.6,44.9,6.2,N,70.8,21.0,84.5,7.1,0.0,65
2023-12-09,04:14:00,Central,34.07498,-118.18578,Burglary,26,M,762.1,211.1,7.88,23.9,53.2,2.0,SW,100.0,15.2,168.3,9.5,0.0,37
2023-07-21,12:00:00,Rampart,33.98518,-118.26888,Theft,18,M,1138.7,203.9,15.29,26.0,46.0,1.2,NW,78.6,47.8,60.8,2.9,0.0,102
2023-05-29,13:20:00,Wilshire,34.10747,-118.21599,Vandalism,71,M,1026.6,200.3,10.96,10.0,71.2,2.5,NW,82.3,30.9,116.2,10.5,0.0,59
2023-06-18,14:44:00,Valley,34.03495,-118.10346,Trespassing,38,M,959.0,242.9,15.99,19.8,36.1,9.0,NW,76.0,52.6,202.0,1.7,9.9,74
2023-09-19,18:45:00,Newton,34.03623,-118.22113,Burglary,35,F,1597.0,180.3,13.99,1.8,59.2,5.0,E,100.0,89.4,77.8,5.5,0.0,116
2023-11-17,00:57:00,Newton,34.08757,-118.24902,Assault,48,M,1350.5,216.0,4.12,18.3,64.3,1.1,W,87.4,42.7,181.7,4.9,0.0,82
2023-12-17,08:12:00,Newton,34.08736,-118.27896,Theft,25,F,870.0,174.7,9.49,12.8,41.0,11.5,NE,76.5,55.4,170.3,0.2,0.0,51
2023-10-16,19:56:00,Wilshire,34.01496,-118.24972,Assault,35,F,1169.3,157.5,14.95,22.7,44.4,2.3,SW,93.6,95.3,113.9,3.2,0.0,95
2023-03-30,23:48:00,Wilshire,34.09015,-118.28431,Theft,35,F,1391.6,185.8,3.89,6.7,66.2,4.4,SE,92.7,59.2,37.2,7.1,0.0,80
2023-12-04,16:21:00,Rampart,34.02198,-118.22657,Theft,27,F,800.8,175.1,12.1,15.9,51.5,6.2,NE,83.1,31.0,20.3,3.3,8.25,87
2023-09-04,21:40:00,Central,34.14098,-118.23482,Burglary,52,M,1115.4,177.6,9.8,27.7,41.5,6.0,S,93.4,97.5,55.6,12.8,0.0,79
2023-05-14,19:54:00,Rampart,34.00859,-118.34811,Vandalism,31,M,1124.8,258.3,1.23,14.6,51.3,2.5,W,76.7,66.2,67.8,5.8,0.0,57
2023-07-17,03:16:00,Rampart,34.06197,-118.24093,Vandalism,11,F,845.1,187.3,10.6,4.8,76.8,4.9,SE,80.1,136.9,77.8,4.0,0.0,54
2023-06-30,09:07:00,Wilshire,34.0109,-118.18619,Assault,30,F,1175.9,166.9,5.81,22.1,48.3,4.7,SE,64.9,110.8,137.3,10.6,0.0,62
2023-10-22,03:30:00,Newton,34.16113,-118.25996,Robbery,38,F,1323.2,201.4,4.16,15.3,78.0,3.9,N,71.8,30.8,53.8,3.5,1.38,66
2023-07-11,15:47:00,Hollywood,33.98811,-118.27264,Theft,21,M,1401.6,205.2,10.05,18.5,38.4,11.4,S,100.0,51.8,139.7,1.9,13.41,103
2023-01-13,06:00:00,Central,34.07622,-118.30889,Theft,22,F,1050.1,140.7,0.35,14.2,59.1,2.0,N,100.0,43.7,250.8,7.5,0.19,53
2023-02-06,11:28:00,Wilshire,34.01325,-118.3329,Theft,26,M,1600.3,185.1,6.63,35.8,30.6,1.5,N,85.7,9.4,82.4,1.6,0.0,98
2023-06-30,00:14:00,Newton,34.03229,-118.19843,Vandalism,53,F,688.4,183.1,22.76,7.5,66.1,5.0,NW,100.0,20.4,106.5,3.3,0.0,95
2023-12-14,23:48:00,Valley,34.07268,-118.24907,Robbery,27,X,1171.2,191.4,13.25,42.7,10.0,5.1,W,83.4,166.4,241.0,5.1,0.0,61
2023-09-13,21:41:00,Hollywood,34.11123,-118.2014,Theft,56,M,817.5,236.3,5.59,16.9,67.3,5.9,E,82.6,19.6,151.6,4.0,0.0,64
2023-04-15,06:39:00,Hollywood,34.13117,-118.16343,Theft,25,F,1118.0,206.8,17.02,21.5,51.2,1.3,N,85.6,31.1,55.1,29.0,0.0,90
2023-04-30,19:02:00,Wilshire,33.97315,-118.19394,Theft,39,M,995.6,261.4,5.04,15.4,44.2,5.4,NE,83.8,33.5,263.5,6.8,0.0,64
2023-04-19,00:56:00,Pacific,34.06339,-118.26712,Assault,28,M,1201.4,199.4,7.23,15.1,61.8,0.6,SE,82.8,39.5,104.8,4.5,0.0,66
2023-01-08,15:43:00,Central,34.12297,-118.23276,Theft,46,F,1074.6,288.8,4.26,13.7,76.4,2.7,W,96.4,34.7,59.7,3.0,0.0,54
2023-09-27,11:23:00,Hollywood,33.96573,-118.27074,Burglary,18,F,934.8,177.0,11.28,24.8,42.4,1.7,N,86.5,144.4,26.7,6.4,0.0,74
2023-07-18,16:23:00,Wilshire,34.06572,-118.27541,Assault,46,F,947.9,161.5,16.84,8.7,66.9,8.6,SW,92.1,21.3,54.3,10.9,0.0,104
2023-02-15,23:23:00,Wilshire,34.0499,-118.22286,Assault,36,F,1486.5,227.4,5.0,22.9,61.3,1.5,NE,95.3,4.7,101.8,1.0,2.64,94
2023-04-22,15:35:00,Newton,34.07073,-118.28161,Trespassing,25,F,1188.7,268.2,0.1,2.5,66.5,4.8,S,88.9,49.6,44.2,6.3,0.0,72
2023-01-07,11:37:00,Valley,34.01138,-118.35046,Theft,32,F,759.6,131.1,15.45,22.2,64.0,0.5,SE,75.3,63.1,49.2,4.3,0.97,66
2023-12-24,10:43:00,Pacific,33.97822,-118.28441,Theft,58,F,1210.2,190.2,17.77,26.8,49.5,0.8,W,71.5,79.4,208.5,8.6,3.06,90
2023-08-13,18:33:00,Central,33.95434,-118.25534,Theft,37,M,1061.1,169.5,0.1,9.8,56.1,2.2,SW,86.5,147.9,106.0,5.1,3.1,45
2023-09-10,21:27:00,Rampart,34.09882,-118.16393,Vandalism,24,X,1100.9,207.1,12.3,25.4,35.2,1.1,W,83.3,27.8,29.9,7.0,0.0,74
2023-08-29,20:09:00,Valley,34.1052,-118.26455,Robbery,16,M,1264.0,200.5,11.13,20.4,44.1,3.4,W,85.9,1.6,143.8,17.1,0.0,64
2023-07-25,04:11:00,Valley,34.06513,-118.2144,Vandalism,42,F,1336.6,267.3,6.06,32.8,12.5,3.1,SW,84.8,24.2,20.4,8.8,0.34,71
2023-10-20,01:31:00,Newton,34.02329,-118.24842,Assault,37,M,928.2,194.6,3.03,13.2,62.9,1.4,S,100.0,14.9,101.8,3.9,6.27,46
2023-03-30,04:56:00,Hollywood,33.96885,-118.17868,Burglary,45,M,1094.1,268.7,14.96,42.5,10.0,3.9,SW,71.7,69.4,93.4,2.1,7.62,82
2023-12-12,12:42:00,Hollywood,34.07817,-118.18215,Theft,13,M,990.8,184.2,10.9,0.9,81.7,0.6,NE,65.1,64.3,344.1,4.3,0.0,72
2023-09-24,14:54:00,Newton,33.99496,-118.18119,Theft,17,F,1219.4,246.3,11.27,17.4,41.0,12.9,NW,88.3,65.2,176.5,2.2,5.75,87
2023-08-09,10:28:00,Wilshire,34.01444,-118.3267,Assault,52,M,1053.5,211.4,6.89,6.4,79.6,8.0,W,81.2,48.9,90.0,5.5,0.0,66
2023-08-10,15:47:00,Hollywood,34.02067,-118.22966,Burglary,39,M,1105.9,286.5,5.99,34.8,35.2,1.8,S,88.2,36.0,159.1,5.5,0.0,61
2023-02-27,12:44:00,Pacific,34.04012,-118.20205,Theft,43,F,1045.9,126.1,0.1,17.9,46.1,6.4,W,90.8,25.4,21.6,1.3,0.65,32
2023-04-25,21:01:00,Central,34.01205,-118.22092,Burglary,20,F,1078.8,141.8,8.86,18.6,55.7,4.5,SW,97.8,54.8,92.7,5.4,0.08,65
2023-03-27,00:02:00,Valley,34.05167,-118.20817,Theft,20,M,1440.9,291.6,17.19,23.5,45.5,4.5,S,69.9,73.6,57.9,13.8,0.36,96
2023-03-23,22:52:00,Valley,34.01891,-118.23708,Trespassing,49,M,1578.2,163.3,5.55,20.0,64.9,1.3,S,79.4,30.9,100.2,5.2,0.0,94
2023-11-01,15:01:00,Pacific,34.08507,-118.27724,Assault,50,M,1175.4,166.5,2.39,15.2,46.8,1.3,N,89.3,22.8,19.9,3.6,13.73,72
2023-10-05,00:49:00,Hollywood,34.10155,-118.32485,Assault,18,M,1080.0,156.2,12.18,9.9,63.6,1.6,N,92.7,48.7,141.1,8.3,29.05,87
2023-11-18,21:56:00,Valley,34.05543,-118.27228,Theft,15,F,780.9,257.4,13.1,21.3,41.6,4.9,NW,100.0,32.8,124.5,4.4,0.0,72
2023-03-31,21:53:00,Rampart,34.07313,-118.10609,Theft,33,F,947.9,137.3,7.07,23.0,45.9,2.3,N,94.6,99.3,180.3,4.7,17.28,60
2023-11-28,22:47:00,Central,34.15589,-118.26428,Vandalism,23,F,1074.7,201.1,8.26,25.6,47.0,1.4,SW,84.4,92.6,67.6,10.6,0.0,65
2023-10-17,14:09:00,Central,33.99137,-118.33797,Trespassing,22,M,957.0,186.7,11.32,35.3,20.5,7.4,SE,76.1,72.8,144.7,2.3,0.05,63
2023-08-10,07:54:00,Valley,33.98833,-118.20337,Burglary,16,F,978.0,251.8,9.22,2.6,72.4,1.3,NE,79.4,50.6,277.9,9.4,0.0,52
2023-06-07,01:16:00,Newton,34.08475,-118.19723,Vandalism,27,F,1415.1,171.8,15.0,19.5,60.5,4.4,SW,79.1,78.1,75.0,1.2,6.14,110
2023-04-28,08:04:00,Valley,34.14733,-118.17563,Theft,17,F,1105.8,220.8,22.19,29.5,49.3,1.9,W,91.6,34.1,33.1,18.4,0.0,97
2023-12-31,19:03:00,Newton,34.03698,-118.21645,Theft,18,F,1123.6,141.4,1.45,19.0,56.4,0.9,N,87.6,90.5,138.9,2.3,0.0,46
2023-02-12,22:13:00,Valley,34.13634,-118.19772,Burglary,39,F,965.2,313.7,16.15,1.3,76.7,7.9,S,71.8,101.8,70.4,5.3,0.0,72
2023-01-20,05:52:00,Rampart,34.05482,-118.14799,Theft,34,F,1335.5,188.0,10.53,9.7,63.2,1.2,SW,80.6,45.2,42.6,12.3,0.0,79
2023-03-20,08:16:00,Wilshire,34.01596,-118.27727,Vandalism,42,M,1057.5,200.4,16.94,22.6,51.5,8.2,S,93.8,37.0,48.9,1.2,0.0,87
2023-03-31,10:18:00,Central,34.00047,-118.28719,Assault,10,F,995.8,282.7,13.62,22.3,48.8,3.2,NW,88.5,59.4,29.8,3.3,0.0,87
2023-07-18,14:17:00,Valley,34.08147,-118.29473,Burglary,35,F,783.8,170.7,10.31,25.4,25.4,3.4,W,90.7,19.1,42.8,8.9,6.56,56
2023-04-04,21:50:00,Rampart,34.00425,-118.25329,Theft,66,F,1087.8,283.4,13.8,13.8,65.1,6.2,S,88.8,66.3,118.4,0.8,11.97,59
2023-07-06,21:14:00,Newton,34.05406,-118.16833,Burglary,29,M,989.6,179.4,8.03,22.1,38.3,5.5,S,100.0,47.5,121.4,7.1,5.22,63
2023-08-21,08:58:00,Newton,34.12917,-118.2136,Assault,47,F,1436.9,233.6,6.13,12.4,47.2,4.3,NW,87.4,90.2,52.4,6.4,45.77,82
2023-04-16,04:16:00,Central,34.03466,-118.21557,Assault,47,F,1468.8,171.4,14.05,22.1,30.2,2.5,E,81.1,50.4,333.1,0.7,0.0,99
2023-03-15,07:30:00,Pacific,34.1157,-118.33097,Theft,47,M,852.9,132.2,5.78,20.4,47.2,5.2,SE,75.8,44.5,98.8,0.6,0.0,47
2023-07-08,02:06:00,Valley,33.98927,-118.27466,Theft,37,M,875.6,220.7,13.21,13.4,49.7,6.0,NE,87.5,10.3,113.5,0.5,0.0,72
2023-01-01,06:44:00,Hollywood,34.0233,-118.33178,Theft,43,F,1044.7,232.0,10.15,32.5,10.0,0.8,NE,60.6,78.6,129.9,6.2,0.0,73
2023-07-10,21:47:00,Newton,33.97964,-118.18144,Assault,45,F,936.8,134.2,0.1,6.4,66.9,3.4,N,83.2,66.2,54.7,2.7,0.52,46
2023-06-13,10:45:00,Wilshire,34.05365,-118.16072,Theft,44,F,1143.5,184.6,7.13,18.9,46.8,0.2,E,82.9,43.8,164.8,1.1,0.0,75
2023-08-27,01:06:00,Wilshire,34.089,-118.20102,Vandalism,18,M,1034.7,260.0,11.67,13.3,58.6,4.8,SW,71.4,45.3,27.2,9.8,41.1,70
2023-02-05,03:32:00,Newton,34.05376,-118.28934,Theft,10,F,1156.1,230.0,7.97,34.7,21.7,1.3,NW,75.7,42.4,39.3,13.0,0.0,68
2023-05-20,01:24:00,Pacific,34.11135,-118.1659,Robbery,11,M,1303.2,180.2,0.1,24.8,61.1,5.0,SW,93.1,45.4,55.0,12.4,14.69,79
2023-01-04,08:09:00,Pacific,34.01254,-118.25266,Burglary,30,M,887.2,170.1,16.6,14.8,63.0,3.1,NE,87.3,84.7,106.5,5.3,0.0,83
2023-04-24,09:13:00,Rampart,34.06127,-118.30072,Theft,43,M,1299.0,297.4,10.85,17.8,48.4,4.5,SE,86.0,85.2,34.8,0.6,0.0,94
2023-04-11,08:48:00,Wilshire,34.02363,-118.28822,Burglary,18,M,954.3,127.7,12.22,34.9,27.0,9.7,S,88.1,38.2,37.1,1.1,8.35,84
2023-12-19,01:24:00,Rampart,34.06808,-118.26151,Vandalism,48,M,1529.7,197.0,7.63,12.4,75.5,1.6,W,85.9,28.7,223.7,1.7,0.0,97
2023-11-09,05:33:00,Wilshire,34.07519,-118.23752,Assault,27,M,1424.2,126.8,12.66,5.9,80.7,3.1,N,97.4,57.8,205.4,2.8,0.46,105
2023-01-27,22:05:00,Valley,34.07912,-118.24807,Assault,27,M,1077.4,265.7,19.17,22.3,32.5,3.8,SE,86.2,44.0,33.7,12.2,0.0,76
2023-08-08,11:56:00,Valley,33.99647,-118.31063,Assault,22,M,907.3,199.6,6.32,22.5,36.5,1.1,NE,70.4,27.7,51.4,6.5,0.0,60
2023-05-20,16:32:00,Hollywood,34.00551,-118.17933,Theft,10,F,869.0,208.9,18.34,25.3,34.2,6.3,E,100.0,48.0,88.4,5.1,0.0,78
2023-07-28,06:08:00,Valley,34.01479,-118.24753,Assault,38,F,1274.7,338.4,11.99,25.4,37.5,8.8,N,88.7,68.1,135.1,5.5,0.0,104
2023-03-06,00:33:00,Hollywood,34.03806,-118.27569,Theft,60,M,1093.9,170.3,5.65,34.2,22.8,4.0,NW,79.1,9.2,66.7,9.5,0.57,75
2023-01-26,03:07:00,Valley,34.05436,-118.18448,Assault,34,F,1285.4,287.4,21.06,6.3,71.0,10.4,NE,72.5,182.5,61.1,9.0,0.0,100
2023-12-18,08:30:00,Central,34.0854,-118.29917,Burglary,10,M,1540.8,180.5,11.96,10.4,71.8,5.2,SW,89.0,112.2,189.4,5.0,0.0,104
2023-04-07,01:11:00,Valley,34.0076,-118.32144,Theft,46,F,945.9,188.3,13.38,25.3,51.1,3.7,N,83.8,26.2,54.8,10.8,0.0,75
2023-12-19,21:13:00,Rampart,33.96995,-118.17638,Assault,10,M,854.0,331.9,8.65,11.2,60.0,6.5,NW,100.0,10.5,74.6,3.3,0.0,64
2023-05-12,07:29:00,Newton,34.15779,-118.14543,Assault,16,M,1138.5,191.9,6.02,8.3,51.1,3.1,NE,81.5,60.8,126.5,8.7,0.0,58
2023-10-31,00:21:00,Rampart,33.99343,-118.2631,Theft,31,F,1329.0,131.3,10.84,34.9,17.2,2.9,SW,76.6,73.1,130.2,10.6,0.0,91
2023-08-05,17:06:00,Newton,34.09182,-118.2423,Assault,36,F,911.9,214.1,17.91,7.0,64.2,5.1,W,94.0,15.7,121.4,9.4,0.0,79
2023-03-29,10:37:00,Pacific,34.05156,-118.29733,Burglary,19,F,1106.9,191.4,8.45,17.2,41.8,11.8,SW,94.3,150.6,116.7,2.1,0.72,75
2023-07-28,04:10:00,Rampart,34.06257,-118.23973,Assault,30,F,1374.0,218.4,9.87,19.5,62.1,1.5,S,86.7,37.5,106.9,4.2,5.41,81
2023-12-01,12:00:00,Pacific,34.04992,-118.26379,Robbery,45,F,773.4,193.3,17.28,30.5,22.5,1.0,NW,91.8,33.1,77.9,0.8,0.0,67
2023-07-15,09:02:00,Hollywood,34.03076,-118.24511,Theft,47,M,1147.1,310.8,8.5,5.0,78.6,4.4,NW,84.6,25.9,164.6,1.4,0.0,86
2023-01-31,17:18:00,Hollywood,34.0732,-118.21954,Theft,53,M,992.0,227.8,12.55,23.3,28.2,0.3,E,87.3,88.1,134.6,4.0,0.0,64
2023-01-01,20:52:00,Central,34.02807,-118.29491,Theft,63,M,1124.8,146.3,14.39,12.9,67.3,2.4,NW,96.6,89.5,59.9,5.3,0.0,75
2023-12-04,02:50:00,Valley,34.10832,-118.25809,Burglary,47,M,1242.0,206.2,9.02,25.0,41.1,3.2,S,91.3,19.8,75.7,6.5,0.0,79
2023-08-08,07:46:00,Rampart,34.07842,-118.33019,Assault,31,F,1144.2,160.0,11.55,12.7,76.0,2.2,NE,83.3,43.6,36.8,1.4,0.0,72
2023-08-12,08:38:00,Pacific,34.07998,-118.25775,Theft,47,F,898.0,187.6,13.31,32.6,19.8,8.4,W,98.5,65.6,65.8,4.4,0.0,62
2023-08-16,07:59:00,Newton,34.02464,-118.24467,Burglary,42,M,999.8,154.5,8.0,12.8,55.2,8.0,SE,61.4,123.7,40.3,9.7,8.73,67
2023-01-05,19:49:00,Hollywood,34.03818,-118.22855,Assault,42,F,1385.3,305.4,14.08,0.3,75.8,11.2,W,100.0,25.4,167.6,6.0,0.0,82
2023-08-09,12:17:00,Valley,33.9906,-118.22802,Assault,37,F,1165.8,165.4,7.27,13.7,57.9,3.5,W,67.9,35.9,378.8,7.4,0.0,62
2023-11-13,01:02:00,Hollywood,34.03235,-118.1948,Assault,21,M,1268.1,234.4,6.62,17.9,49.7,3.9,NW,78.7,5.9,38.0,5.3,0.02,97
2023-08-23,15:29:00,Newton,33.99817,-118.31698,Trespassing,19,M,1150.1,183.8,2.36,28.7,33.7,2.3,W,84.6,46.0,81.2,2.6,0.0,66
2023-11-27,21:07:00,Valley,34.11565,-118.31431,Burglary,33,M,1261.8,142.1,7.48,9.9,61.7,7.3,NW,83.5,72.3,72.4,1.9,0.03,70
2023-09-05,15:20:00,Valley,34.05253,-118.21355,Vandalism,37,M,1020.8,209.9,5.92,10.1,44.2,0.7,S,95.1,35.5,18.6,4.2,0.66,67
2023-08-08,03:17:00,Pacific,34.05852,-118.34195,Burglary,24,M,946.5,220.0,8.0,27.7,48.4,2.5,SE,74.4,51.6,56.5,8.0,0.0,68
2023-07-31,10:22:00,Pacific,34.03874,-118.23083,Trespassing,41,F,1252.7,227.9,13.06,9.0,95.1,7.5,SW,87.6,32.6,270.9,2.3,0.0,98
2023-06-24,05:15:00,Rampart,34.05988,-118.29901,Burglary,66,M,1325.5,68.9,1.37,18.6,55.1,3.0,NW,79.2,55.8,101.7,3.2,9.88,67
2023-11-18,19:09:00,Rampart,34.17324,-118.16136,Assault,10,M,917.1,138.3,0.13,18.7,40.5,2.2,NE,88.0,91.8,82.2,5.0,5.37,55
2023-02-18,21:10:00,Wilshire,34.03499,-118.22748,Theft,43,X,984.8,247.9,6.25,21.7,37.0,1.8,E,84.4,12.4,40.7,14.6,0.0,41
2023-06-26,00:50:00,Wilshire,34.01748,-118.25096,Theft,34,F,1067.4,153.8,12.31,14.0,65.1,1.5,SE,85.9,8.7,152.9,6.3,1.92,67
2023-06-22,04:20:00,Central,34.07648,-118.17861,Assault,41,F,1424.0,210.1,11.44,12.6,65.0,2.2,NE,79.5,65.8,63.9,6.1,0.0,95
2023-09-11,17:00:00,Hollywood,33.92371,-118.29317,Assault,28,M,1212.6,137.1,6.17,22.7,43.1,4.8,NW,79.9,64.8,54.0,3.7,0.0,76
2023-10-28,17:07:00,Rampart,34.0532,-118.28367,Assault,32,M,835.2,236.6,15.85,12.8,68.3,3.5,SE,87.9,102.7,143.0,15.0,26.39,64
2023-12-19,19:21:00,Pacific,34.03141,-118.30307,Assault,36,F,1081.4,246.6,6.71,9.1,45.7,8.8,NW,94.4,65.8,81.7,5.4,10.62,70
2023-08-09,13:43:00,Newton,34.00038,-118.28325,Assault,30,M,1050.8,236.6,12.31,29.8,42.8,0.8,S,79.0,75.6,45.1,10.0,4.94,70
