Timestamp,Location_ID,Latitude,Longitude,Vehicle_Count,Traffic_Speed_kmh,Road_Occupancy_Pct,Vehicle_Count_Cars,Vehicle_Count_Bikes,Vehicle_Count_Buses,Vehicle_Count_Trucks,Traffic_Light_State,Weather_Condition,Accident_Report,Sentiment_Score,horn_events_per_min,CO2_Emissions_ppm,Traffic_Congestion_Level
2023-10-02 00:00:00,LOC_001,43.2389,76.8897,29,41.0,24.0,19,7,2,1,Red,Rain,0,-0.18,6,425.5,Medium
2023-10-02 00:15:00,LOC_002,43.2567,76.9286,20,56.0,6.6,13,4,1,2,Red,Clear,0,0.39,2,408.6,Low
2023-10-02 00:30:00,LOC_003,43.222,76.8512,25,49.5,10.9,16,6,2,1,Green,Clear,0,0.56,0,442.8,Low
2023-10-02 00:45:00,LOC_001,43.2389,76.8897,24,51.7,6.7,17,5,1,1,Red,Clear,0,0.63,1,417.0,Low
2023-10-02 01:00:00,LOC_002,43.2567,76.9286,23,55.8,14.4,16,5,1,1,Green,Clear,0,0.54,0,423.0,Low
2023-10-02 01:15:00,LOC_003,43.222,76.8512,35,43.5,17.0,23,6,2,4,Red,Rain,0,-0.33,4,403.1,Medium
2023-10-02 01:30:00,LOC_001,43.2389,76.8897,33,45.6,18.2,24,3,2,4,Red,Snow,0,0.83,0,432.1,Low
2023-10-02 01:45:00,LOC_002,43.2567,76.9286,25,55.2,9.8,17,4,2,2,Yellow,Clear,0,0.52,1,419.9,Low
2023-10-02 02:00:00,LOC_003,43.222,76.8512,19,45.9,8.6,14,3,1,1,Green,Snow,0,0.38,1,415.3,Low
2023-10-02 02:15:00,LOC_001,43.2389,76.8897,25,55.5,23.3,17,4,1,3,Red,Clear,0,0.63,1,413.9,Low
2023-10-02 02:30:00,LOC_002,43.2567,76.9286,10,61.5,4.6,7,3,0,0,Green,Clear,0,0.65,0,400.0,Low
2023-10-02 02:45:00,LOC_003,43.222,76.8512,36,56.8,15.0,26,4,2,4,Red,Clear,0,0.52,1,414.0,Low
2023-10-02 03:00:00,LOC_001,43.2389,76.8897,10,62.0,1.6,7,2,0,1,Green,Clear,0,0.55,1,400.0,Low
2023-10-02 03:15:00,LOC_002,43.2567,76.9286,27,62.5,8.8,21,1,2,3,Red,Clear,0,0.4,1,420.7,Low
2023-10-02 03:30:00,LOC_003,43.222,76.8512,27,57.7,16.5,21,3,1,2,Red,Clear,0,0.49,2,423.3,Low
2023-10-02 03:45:00,LOC_001,43.2389,76.8897,13,48.0,11.3,9,2,1,1,Red,Rain,0,0.88,0,400.0,Low
2023-10-02 04:00:00,LOC_002,43.2567,76.9286,16,41.7,7.6,11,2,1,2,Green,Fog,0,0.11,9,400.0,Medium
2023-10-02 04:15:00,LOC_003,43.222,76.8512,14,47.1,10.1,9,4,1,0,Yellow,Fog,0,0.59,0,400.0,Low
2023-10-02 04:30:00,LOC_001,43.2389,76.8897,20,62.6,11.4,15,2,1,2,Yellow,Clear,0,0.43,1,420.4,Low
2023-10-02 04:45:00,LOC_002,43.2567,76.9286,35,58.6,22.0,27,1,3,4,Green,Clear,0,1.0,1,438.0,Low
2023-10-02 05:00:00,LOC_003,43.222,76.8512,34,42.7,30.5,22,8,1,3,Red,Snow,0,-0.58,10,400.0,Medium
2023-10-02 05:15:00,LOC_001,43.2389,76.8897,20,63.8,11.3,13,4,1,2,Green,Clear,0,0.5,3,421.5,Low
2023-10-02 05:30:00,LOC_002,43.2567,76.9286,10,46.9,8.1,6,4,0,0,Red,Rain,0,0.73,0,401.0,Low
2023-10-02 05:45:00,LOC_003,43.222,76.8512,20,55.1,21.7,13,4,1,2,Green,Clear,0,0.75,0,404.7,Low
2023-10-02 06:00:00,LOC_001,43.2389,76.8897,126,19.5,65.4,82,17,10,17,Red,Clear,0,-0.81,1,610.2,High
2023-10-02 06:15:00,LOC_002,43.2567,76.9286,88,29.4,54.7,57,17,7,7,Green,Clear,0,-0.3,5,459.7,Medium
2023-10-02 06:30:00,LOC_003,43.222,76.8512,99,29.0,65.7,72,11,8,8,Yellow,Clear,0,-0.59,7,468.2,Medium
2023-10-02 06:45:00,LOC_001,43.2389,76.8897,102,27.9,58.5,66,17,6,13,Green,Clear,0,-0.4,10,465.8,Medium
2023-10-02 07:00:00,LOC_002,43.2567,76.9286,184,6.8,100.0,141,4,12,27,Green,Clear,0,-0.89,20,657.4,High
2023-10-02 07:15:00,LOC_003,43.222,76.8512,153,14.6,88.4,120,5,13,15,Red,Rain,0,-0.85,19,639.8,High
2023-10-02 07:30:00,LOC_001,43.2389,76.8897,162,14.0,93.1,113,17,14,18,Red,Clear,0,-0.71,17,633.7,High
2023-10-02 07:45:00,LOC_002,43.2567,76.9286,162,7.6,85.9,108,30,14,10,Red,Clear,0,-0.76,19,639.6,High
2023-10-02 08:00:00,LOC_003,43.222,76.8512,101,8.1,87.5,71,8,9,13,Red,Clear,1,-1.0,39,632.7,High
2023-10-02 08:15:00,LOC_001,43.2389,76.8897,136,13.8,78.3,100,8,12,16,Red,Clear,0,-0.69,12,643.0,High
2023-10-02 08:30:00,LOC_002,43.2567,76.9286,143,5.0,78.1,110,1,11,21,Red,Clear,0,-0.82,22,619.8,High
2023-10-02 08:45:00,LOC_003,43.222,76.8512,138,10.6,76.0,104,2,13,19,Red,Fog,0,-0.89,16,621.7,High
2023-10-02 09:00:00,LOC_001,43.2389,76.8897,173,2.1,100.0,121,27,12,13,Red,Clear,0,-1.0,14,647.7,High
2023-10-02 09:15:00,LOC_002,43.2567,76.9286,210,2.0,100.0,153,30,14,13,Green,Fog,0,-0.57,14,697.5,High
2023-10-02 09:30:00,LOC_003,43.222,76.8512,167,15.5,100.0,108,36,14,9,Red,Clear,0,-0.77,18,662.3,High
2023-10-02 09:45:00,LOC_001,43.2389,76.8897,187,6.7,100.0,128,34,11,14,Red,Clear,0,-0.73,17,655.8,High
2023-10-02 10:00:00,LOC_002,43.2567,76.9286,126,22.5,57.0,83,17,10,16,Yellow,Clear,0,-0.9,20,643.8,High
2023-10-02 10:15:00,LOC_003,43.222,76.8512,100,31.9,59.9,66,15,7,12,Green,Clear,0,-0.32,8,431.7,Medium
2023-10-02 10:30:00,LOC_001,43.2389,76.8897,119,28.6,60.4,78,26,9,6,Green,Clear,0,-0.39,2,485.1,Medium
2023-10-02 10:45:00,LOC_002,43.2567,76.9286,40,61.8,22.4,27,7,2,4,Green,Clear,0,0.76,1,429.3,Low
2023-10-02 11:00:00,LOC_003,43.222,76.8512,110,25.7,55.0,80,12,7,11,Red,Clear,0,-0.47,7,452.5,Medium
2023-10-02 11:15:00,LOC_001,43.2389,76.8897,98,42.2,54.6,76,10,7,5,Red,Clear,0,-0.25,7,459.6,Medium
2023-10-02 11:30:00,LOC_002,43.2567,76.9286,99,30.0,53.2,66,13,9,11,Red,Rain,0,-0.16,5,456.0,Medium
2023-10-02 11:45:00,LOC_003,43.222,76.8512,75,42.9,30.8,54,11,5,5,Red,Clear,0,-0.36,7,477.6,Medium
2023-10-02 12:00:00,LOC_001,43.2389,76.8897,134,23.1,67.4,94,17,12,11,Green,Clear,0,-0.71,7,630.1,High
2023-10-02 12:15:00,LOC_002,43.2567,76.9286,79,32.4,44.8,60,8,7,4,Red,Clear,0,-0.16,7,454.2,Medium
2023-10-02 12:30:00,LOC_003,43.222,76.8512,115,22.1,59.3,89,7,11,8,Green,Rain,0,-0.7,19,644.6,High
2023-10-02 12:45:00,LOC_001,43.2389,76.8897,119,29.2,76.4,83,15,8,13,Yellow,Clear,0,-0.59,3,474.8,Medium
2023-10-02 13:00:00,LOC_002,43.2567,76.9286,80,39.6,41.6,57,8,7,8,Red,Clear,0,-0.07,6,429.4,Medium
2023-10-02 13:15:00,LOC_003,43.222,76.8512,99,33.8,52.1,75,3,9,12,Green,Clear,0,-0.4,10,463.1,Medium
2023-10-02 13:30:00,LOC_001,43.2389,76.8897,115,13.6,73.9,90,5,8,12,Green,Rain,0,-1.0,11,594.8,High
2023-10-02 13:45:00,LOC_002,43.2567,76.9286,76,39.9,50.8,53,8,6,9,Red,Clear,0,-0.3,10,460.7,Medium
2023-10-02 14:00:00,LOC_003,43.222,76.8512,82,39.6,41.7,62,10,6,4,Green,Clear,0,-0.63,8,486.8,Medium
2023-10-02 14:15:00,LOC_001,43.2389,76.8897,69,56.9,44.2,51,6,5,7,Red,Clear,0,0.65,0,446.3,Low
2023-10-02 14:30:00,LOC_002,43.2567,76.9286,84,29.7,49.9,56,18,5,5,Yellow,Clear,0,-0.07,11,460.5,Medium
2023-10-02 14:45:00,LOC_003,43.222,76.8512,79,37.7,41.9,62,9,4,4,Green,Clear,0,-0.36,6,461.7,Medium
2023-10-02 15:00:00,LOC_001,43.2389,76.8897,68,38.7,36.7,46,9,5,8,Green,Clear,0,-0.44,3,400.0,Medium
2023-10-02 15:15:00,LOC_002,43.2567,76.9286,99,35.9,60.2,72,16,5,6,Red,Clear,0,-0.4,5,448.6,Medium
2023-10-02 15:30:00,LOC_003,43.222,76.8512,96,19.2,48.0,74,8,5,9,Green,Fog,0,-0.97,11,578.9,High
2023-10-02 15:45:00,LOC_001,43.2389,76.8897,80,44.0,45.6,62,5,5,8,Red,Clear,0,-0.03,3,489.9,Medium
2023-10-02 16:00:00,LOC_002,43.2567,76.9286,134,20.2,81.5,102,10,12,10,Red,Clear,0,-0.78,16,645.8,High
2023-10-02 16:15:00,LOC_003,43.222,76.8512,54,48.7,38.6,37,7,5,5,Green,Clear,0,0.67,2,438.7,Low
2023-10-02 16:30:00,LOC_001,43.2389,76.8897,88,30.4,50.5,66,7,4,11,Green,Clear,0,-0.17,9,456.7,Medium
2023-10-02 16:45:00,LOC_002,43.2567,76.9286,57,38.8,36.4,44,4,5,4,Red,Rain,0,-0.35,6,438.1,Medium
2023-10-02 17:00:00,LOC_003,43.222,76.8512,168,9.2,86.5,122,12,14,20,Green,Clear,0,-0.87,12,678.6,High
2023-10-02 17:15:00,LOC_001,43.2389,76.8897,193,4.8,100.0,139,31,13,10,Green,Rain,0,-0.8,13,652.2,High
2023-10-02 17:30:00,LOC_002,43.2567,76.9286,132,25.2,64.1,102,8,11,11,Green,Clear,0,-0.45,8,475.9,Medium
2023-10-02 17:45:00,LOC_003,43.222,76.8512,184,2.3,93.4,130,18,10,26,Yellow,Rain,0,-0.82,11,662.6,High
2023-10-02 18:00:00,LOC_001,43.2389,76.8897,167,7.9,100.0,120,22,11,14,Green,Fog,0,-0.91,13,684.7,High
2023-10-02 18:15:00,LOC_002,43.2567,76.9286,189,2.0,100.0,137,23,18,11,Green,Fog,0,-0.61,22,677.4,High
2023-10-02 18:30:00,LOC_003,43.222,76.8512,161,8.5,83.2,105,30,8,18,Green,Fog,0,-0.41,14,641.2,High
2023-10-02 18:45:00,LOC_001,43.2389,76.8897,135,23.1,86.0,102,17,9,7,Green,Clear,0,-0.75,11,652.2,High
2023-10-02 19:00:00,LOC_002,43.2567,76.9286,134,25.5,84.7,95,13,12,14,Red,Snow,0,-0.73,18,656.1,High
2023-10-02 19:15:00,LOC_003,43.222,76.8512,190,2.0,100.0,123,41,13,13,Yellow,Clear,0,-0.9,14,641.2,High
2023-10-02 19:30:00,LOC_001,43.2389,76.8897,152,11.0,87.8,109,17,14,12,Red,Clear,0,-0.56,20,637.5,High
2023-10-02 19:45:00,LOC_002,43.2567,76.9286,131,15.0,76.9,96,4,12,19,Red,Fog,0,-0.77,17,618.7,High
2023-10-02 20:00:00,LOC_003,43.222,76.8512,83,30.2,48.5,58,13,8,4,Red,Rain,0,-0.22,4,458.4,Medium
2023-10-02 20:15:00,LOC_001,43.2389,76.8897,157,15.0,98.4,113,7,14,23,Green,Clear,0,-0.9,6,631.0,High
2023-10-02 20:30:00,LOC_002,43.2567,76.9286,90,26.2,45.2,62,9,7,12,Red,Clear,0,-0.43,8,444.5,Medium
2023-10-02 20:45:00,LOC_003,43.222,76.8512,117,26.2,63.1,91,4,8,14,Green,Clear,0,-0.22,7,466.2,Medium
2023-10-02 21:00:00,LOC_001,43.2389,76.8897,65,29.7,41.3,44,7,6,8,Green,Fog,0,-0.31,8,436.7,Medium
2023-10-02 21:15:00,LOC_002,43.2567,76.9286,74,44.6,39.2,54,11,5,4,Red,Clear,0,-0.4,7,439.5,Medium
2023-10-02 21:30:00,LOC_003,43.222,76.8512,86,41.9,50.2,58,10,8,10,Green,Clear,0,-0.39,7,479.3,Medium
2023-10-02 21:45:00,LOC_001,43.2389,76.8897,80,47.9,41.6,52,13,5,10,Red,Clear,0,0.71,1,447.3,Low
2023-10-02 22:00:00,LOC_002,43.2567,76.9286,127,23.2,72.7,86,22,11,8,Green,Clear,0,-0.76,16,649.4,High
2023-10-02 22:15:00,LOC_003,43.222,76.8512,67,27.6,49.8,52,2,5,8,Red,Rain,0,-0.55,6,433.0,Medium
2023-10-02 22:30:00,LOC_001,43.2389,76.8897,135,7.6,83.2,106,2,8,19,Red,Clear,0,-0.57,19,607.3,High
2023-10-02 22:45:00,LOC_002,43.2567,76.9286,80,27.0,54.3,57,8,4,11,Green,Rain,0,-0.36,8,446.9,Medium
2023-10-02 23:00:00,LOC_003,43.222,76.8512,117,24.3,65.8,88,9,6,14,Yellow,Rain,0,-0.94,17,614.5,High
2023-10-02 23:15:00,LOC_001,43.2389,76.8897,79,24.7,41.5,57,8,4,10,Red,Rain,0,-0.64,21,582.7,High
2023-10-02 23:30:00,LOC_002,43.2567,76.9286,103,31.3,63.5,76,10,6,11,Green,Clear,0,-0.22,6,498.0,Medium
2023-10-02 23:45:00,LOC_003,43.222,76.8512,111,37.9,64.9,72,25,7,7,Green,Clear,0,-0.06,7,499.1,Medium
2023-10-03 00:00:00,LOC_001,43.2389,76.8897,10,66.9,8.1,7,3,0,0,Green,Clear,0,0.3,0,405.8,Low
2023-10-03 00:15:00,LOC_002,43.2567,76.9286,11,59.0,8.0,7,3,0,1,Green,Clear,0,0.75,1,418.1,Low
2023-10-03 00:30:00,LOC_003,43.222,76.8512,56,48.1,34.1,39,7,4,6,Red,Clear,0,0.77,0,410.4,Low
2023-10-03 00:45:00,LOC_001,43.2389,76.8897,37,52.0,7.5,27,4,2,4,Red,Clear,0,0.66,0,411.2,Low
2023-10-03 01:00:00,LOC_002,43.2567,76.9286,23,53.1,18.0,15,5,1,2,Green,Clear,0,0.56,1,412.4,Low
2023-10-03 01:15:00,LOC_003,43.222,76.8512,10,69.4,1.1,7,3,0,0,Green,Clear,0,0.66,3,400.0,Low
2023-10-03 01:30:00,LOC_001,43.2389,76.8897,12,53.4,7.5,9,2,0,1,Green,Clear,0,0.76,0,407.9,Low
2023-10-03 01:45:00,LOC_002,43.2567,76.9286,12,64.1,16.5,8,3,0,1,Red,Clear,0,0.57,1,413.2,Low
2023-10-03 02:00:00,LOC_003,43.222,76.8512,26,48.0,10.8,17,6,2,1,Red,Clear,0,0.68,1,403.4,Low
2023-10-03 02:15:00,LOC_001,43.2389,76.8897,20,41.5,14.5,15,3,1,1,Green,Fog,0,-0.38,9,419.6,Medium
2023-10-03 02:30:00,LOC_002,43.2567,76.9286,26,41.3,9.5,20,1,2,3,Yellow,Fog,0,-0.37,3,429.6,Medium
2023-10-03 02:45:00,LOC_003,43.222,76.8512,21,59.0,15.6,16,2,1,2,Green,Clear,0,0.54,0,400.0,Low
2023-10-03 03:00:00,LOC_001,43.2389,76.8897,11,67.2,0.0,7,3,0,1,Green,Clear,0,0.87,1,403.1,Low
2023-10-03 03:15:00,LOC_002,43.2567,76.9286,29,37.6,16.6,22,2,2,3,Green,Rain,0,-0.48,7,400.0,Medium
2023-10-03 03:30:00,LOC_003,43.222,76.8512,35,31.8,13.5,27,2,3,3,Green,Rain,0,-0.07,7,400.0,Medium
2023-10-03 03:45:00,LOC_001,43.2389,76.8897,20,56.2,12.4,15,2,1,2,Green,Clear,0,0.53,1,411.0,Low
2023-10-03 04:00:00,LOC_002,43.2567,76.9286,25,63.2,9.8,16,6,2,1,Green,Clear,0,0.58,0,432.3,Low
2023-10-03 04:15:00,LOC_003,43.222,76.8512,14,60.7,5.5,10,2,1,1,Green,Clear,0,0.44,1,412.4,Low
2023-10-03 04:30:00,LOC_001,43.2389,76.8897,10,63.5,4.3,7,2,0,1,Green,Clear,0,0.43,0,400.0,Low
2023-10-03 04:45:00,LOC_002,43.2567,76.9286,24,62.5,17.0,16,6,1,1,Red,Clear,0,0.4,1,400.0,Low
2023-10-03 05:00:00,LOC_003,43.222,76.8512,18,68.5,13.4,12,3,1,2,Red,Clear,0,0.56,0,423.8,Low
2023-10-03 05:15:00,LOC_001,43.2389,76.8897,36,61.6,17.4,26,4,3,3,Red,Clear,0,0.63,0,434.0,Low
2023-10-03 05:30:00,LOC_002,43.2567,76.9286,41,55.7,22.7,26,10,2,3,Red,Clear,0,0.62,1,400.0,Low
2023-10-03 05:45:00,LOC_003,43.222,76.8512,38,55.8,21.0,29,6,2,1,Red,Clear,0,0.66,0,418.6,Low
2023-10-03 06:00:00,LOC_001,43.2389,76.8897,116,30.2,65.2,79,13,10,14,Red,Clear,0,0.07,7,463.5,Medium
2023-10-03 06:15:00,LOC_002,43.2567,76.9286,66,35.3,38.5,51,4,6,5,Green,Clear,0,-0.09,2,457.9,Medium
2023-10-03 06:30:00,LOC_003,43.222,76.8512,32,54.5,20.7,23,5,1,3,Green,Clear,0,0.52,0,411.0,Low
2023-10-03 06:45:00,LOC_001,43.2389,76.8897,97,26.6,55.3,67,15,5,10,Green,Fog,0,-0.32,9,473.2,Medium
2023-10-03 07:00:00,LOC_002,43.2567,76.9286,158,7.1,91.4,121,16,12,9,Red,Clear,0,-0.87,9,663.6,High
2023-10-03 07:15:00,LOC_003,43.222,76.8512,194,2.0,100.0,148,13,12,21,Green,Clear,0,-0.84,14,658.0,High
2023-10-03 07:30:00,LOC_001,43.2389,76.8897,188,9.9,100.0,128,33,15,12,Red,Clear,0,-0.69,15,682.7,High
2023-10-03 07:45:00,LOC_002,43.2567,76.9286,121,31.4,66.1,85,12,7,17,Red,Clear,0,-0.46,9,493.1,Medium
2023-10-03 08:00:00,LOC_003,43.222,76.8512,130,24.6,71.6,96,19,6,9,Green,Clear,0,-0.87,22,608.4,High
2023-10-03 08:15:00,LOC_001,43.2389,76.8897,107,29.3,64.5,73,13,9,12,Green,Clear,0,-0.25,9,462.5,Medium
2023-10-03 08:30:00,LOC_002,43.2567,76.9286,173,6.1,96.0,136,9,15,13,Red,Rain,0,-0.6,13,621.4,High
2023-10-03 08:45:00,LOC_003,43.222,76.8512,170,7.0,99.9,135,11,8,16,Red,Clear,0,-0.71,5,654.8,High
2023-10-03 09:00:00,LOC_001,43.2389,76.8897,167,6.9,88.8,117,23,12,15,Green,Fog,0,-0.82,22,650.7,High
2023-10-03 09:15:00,LOC_002,43.2567,76.9286,139,16.7,77.1,95,27,7,10,Red,Fog,0,-0.71,16,643.7,High
2023-10-03 09:30:00,LOC_003,43.222,76.8512,157,7.3,83.1,114,17,9,17,Yellow,Clear,0,-0.77,22,612.3,High
2023-10-03 09:45:00,LOC_001,43.2389,76.8897,126,21.2,63.9,91,17,12,6,Green,Clear,0,-0.63,16,633.8,High
2023-10-03 10:00:00,LOC_002,43.2567,76.9286,103,8.5,97.8,75,16,5,7,Green,Clear,1,-1.0,41,586.0,High
2023-10-03 10:15:00,LOC_003,43.222,76.8512,92,25.4,62.6,66,7,7,12,Red,Rain,0,-0.14,2,456.4,Medium
2023-10-03 10:30:00,LOC_001,43.2389,76.8897,140,16.1,81.9,94,26,7,13,Green,Snow,0,-0.94,24,627.7,High
2023-10-03 10:45:00,LOC_002,43.2567,76.9286,101,18.2,48.9,71,11,7,12,Red,Rain,0,-0.97,15,598.3,High
2023-10-03 11:00:00,LOC_003,43.222,76.8512,74,22.4,46.9,52,10,6,6,Green,Rain,0,-0.89,18,581.9,High
2023-10-03 11:15:00,LOC_001,43.2389,76.8897,150,13.5,80.2,110,12,12,16,Green,Clear,0,-0.68,17,659.7,High
2023-10-03 11:30:00,LOC_002,43.2567,76.9286,122,15.8,63.6,87,20,8,7,Green,Rain,0,-0.82,20,602.7,High
2023-10-03 11:45:00,LOC_003,43.222,76.8512,99,34.9,61.0,66,15,9,9,Green,Clear,0,-0.59,4,464.6,Medium
2023-10-03 12:00:00,LOC_001,43.2389,76.8897,59,39.5,37.9,40,10,3,6,Green,Clear,0,-0.33,6,441.4,Medium
2023-10-03 12:15:00,LOC_002,43.2567,76.9286,90,42.0,54.5,68,8,6,8,Red,Clear,0,-0.18,9,437.5,Medium
2023-10-03 12:30:00,LOC_003,43.222,76.8512,104,20.6,59.6,68,22,6,8,Red,Rain,0,-0.83,13,598.6,High
2023-10-03 12:45:00,LOC_001,43.2389,76.8897,87,32.9,48.8,56,19,8,4,Green,Rain,0,-0.47,2,436.8,Medium
2023-10-03 13:00:00,LOC_002,43.2567,76.9286,101,31.8,50.6,71,15,8,7,Red,Clear,0,-0.21,4,496.8,Medium
2023-10-03 13:15:00,LOC_003,43.222,76.8512,96,34.7,58.4,65,16,8,7,Red,Clear,0,0.1,7,459.9,Medium
2023-10-03 13:30:00,LOC_001,43.2389,76.8897,104,39.4,55.5,70,10,9,15,Green,Clear,0,0.0,13,446.9,Medium
2023-10-03 13:45:00,LOC_002,43.2567,76.9286,77,39.7,39.2,50,14,4,9,Green,Clear,0,-0.38,11,434.7,Medium
2023-10-03 14:00:00,LOC_003,43.222,76.8512,58,34.6,31.9,39,9,5,5,Green,Snow,0,-0.41,8,448.0,Medium
2023-10-03 14:15:00,LOC_001,43.2389,76.8897,70,31.2,29.7,53,3,4,10,Red,Rain,0,-0.27,9,462.5,Medium
2023-10-03 14:30:00,LOC_002,43.2567,76.9286,124,26.4,73.1,83,16,11,14,Green,Clear,0,-0.36,7,481.7,Medium
2023-10-03 14:45:00,LOC_003,43.222,76.8512,81,26.6,46.0,57,11,4,9,Red,Snow,0,-0.26,9,448.7,Medium
2023-10-03 15:00:00,LOC_001,43.2389,76.8897,101,23.3,56.3,79,8,5,9,Red,Rain,0,-0.84,26,614.0,High
2023-10-03 15:15:00,LOC_002,43.2567,76.9286,74,32.5,40.3,55,8,5,6,Green,Snow,0,-0.1,7,410.8,Medium
2023-10-03 15:30:00,LOC_003,43.222,76.8512,82,42.6,42.2,54,18,4,6,Green,Clear,0,-0.6,10,468.1,Medium
2023-10-03 15:45:00,LOC_001,43.2389,76.8897,57,39.2,37.6,42,8,4,3,Yellow,Rain,0,-0.47,6,442.1,Medium
2023-10-03 16:00:00,LOC_002,43.2567,76.9286,82,41.6,50.7,57,16,4,5,Green,Clear,0,-0.5,10,459.2,Medium
2023-10-03 16:15:00,LOC_003,43.222,76.8512,64,35.9,36.3,42,12,4,6,Green,Fog,0,-0.13,8,437.4,Medium
2023-10-03 16:30:00,LOC_001,43.2389,76.8897,90,30.3,51.0,62,11,5,12,Yellow,Clear,0,-0.25,10,446.1,Medium
2023-10-03 16:45:00,LOC_002,43.2567,76.9286,111,26.1,52.2,73,25,5,8,Green,Clear,0,-0.34,3,478.3,Medium
2023-10-03 17:00:00,LOC_003,43.222,76.8512,191,2.0,100.0,143,10,18,20,Green,Clear,0,-0.9,18,657.6,High
2023-10-03 17:15:00,LOC_001,43.2389,76.8897,137,14.6,79.4,90,17,11,19,Red,Rain,0,-0.4,8,621.9,High
2023-10-03 17:30:00,LOC_002,43.2567,76.9286,204,2.0,100.0,151,14,16,23,Red,Clear,0,-0.68,13,672.9,High
2023-10-03 17:45:00,LOC_003,43.222,76.8512,152,2.0,83.9,115,10,12,15,Green,Rain,0,-0.83,15,608.1,High
2023-10-03 18:00:00,LOC_001,43.2389,76.8897,153,3.7,90.4,104,27,7,15,Red,Clear,0,-0.89,20,682.8,High
2023-10-03 18:15:00,LOC_002,43.2567,76.9286,171,7.1,94.9,114,31,12,14,Green,Clear,0,-0.64,16,642.8,High
2023-10-03 18:30:00,LOC_003,43.222,76.8512,118,16.4,66.3,87,12,10,9,Green,Clear,0,-0.89,14,625.9,High
2023-10-03 18:45:00,LOC_001,43.2389,76.8897,135,9.0,77.6,102,19,7,7,Red,Clear,0,-0.83,24,648.4,High
2023-10-03 19:00:00,LOC_002,43.2567,76.9286,195,2.0,100.0,144,9,16,26,Yellow,Clear,0,-0.91,9,657.3,High
2023-10-03 19:15:00,LOC_003,43.222,76.8512,240,2.0,100.0,168,24,19,29,Green,Clear,0,-0.67,27,682.8,High
2023-10-03 19:30:00,LOC_001,43.2389,76.8897,131,11.9,63.7,101,1,12,17,Green,Rain,0,-0.9,8,646.2,High
2023-10-03 19:45:00,LOC_002,43.2567,76.9286,207,2.0,100.0,147,28,19,13,Red,Rain,0,-0.86,18,671.8,High
2023-10-03 20:00:00,LOC_003,43.222,76.8512,59,51.4,42.2,44,5,4,6,Red,Clear,0,0.53,0,418.2,Low
2023-10-03 20:15:00,LOC_001,43.2389,76.8897,95,23.2,43.8,62,20,5,8,Red,Fog,0,-0.85,17,610.4,High
2023-10-03 20:30:00,LOC_002,43.2567,76.9286,70,8.7,76.5,55,5,4,6,Red,Rain,1,-1.0,29,574.3,High
2023-10-03 20:45:00,LOC_003,43.222,76.8512,82,25.7,40.0,62,9,6,5,Green,Rain,0,-0.19,8,468.1,Medium
2023-10-03 21:00:00,LOC_001,43.2389,76.8897,102,18.8,51.4,69,12,8,13,Green,Fog,0,-0.98,17,632.8,High
2023-10-03 21:15:00,LOC_002,43.2567,76.9286,77,31.2,39.8,51,12,6,8,Yellow,Snow,0,-0.61,5,447.3,Medium
2023-10-03 21:30:00,LOC_003,43.222,76.8512,59,13.8,58.2,42,9,5,3,Yellow,Clear,1,-1.0,57,566.7,High
2023-10-03 21:45:00,LOC_001,43.2389,76.8897,80,45.2,47.1,62,2,5,11,Green,Clear,0,0.7,1,449.3,Low
2023-10-03 22:00:00,LOC_002,43.2567,76.9286,90,25.7,53.0,70,7,8,5,Green,Snow,0,-0.74,9,456.9,Medium
2023-10-03 22:15:00,LOC_003,43.222,76.8512,94,23.8,49.1,62,19,6,7,Green,Rain,0,-0.67,22,614.1,High
2023-10-03 22:30:00,LOC_001,43.2389,76.8897,113,22.4,64.5,86,5,9,13,Green,Rain,0,-0.64,17,604.6,High
2023-10-03 22:45:00,LOC_002,43.2567,76.9286,90,31.3,40.5,59,12,8,11,Red,Clear,0,-0.27,8,441.7,Medium
2023-10-03 23:00:00,LOC_003,43.222,76.8512,111,32.7,65.8,77,19,7,8,Red,Clear,0,-0.33,7,436.5,Medium
2023-10-03 23:15:00,LOC_001,43.2389,76.8897,110,16.6,46.0,82,12,10,6,Red,Fog,0,-0.77,27,634.6,High
2023-10-03 23:30:00,LOC_002,43.2567,76.9286,100,29.2,57.5,77,6,7,10,Green,Clear,0,-0.38,7,433.5,Medium
2023-10-03 23:45:00,LOC_003,43.222,76.8512,77,37.3,41.1,53,16,5,3,Green,Clear,0,-0.28,10,433.2,Medium
2023-10-04 00:00:00,LOC_001,43.2389,76.8897,18,57.5,14.3,12,3,1,2,Green,Clear,0,0.58,1,409.3,Low
2023-10-04 00:15:00,LOC_002,43.2567,76.9286,27,53.1,19.8,20,5,1,1,Green,Clear,0,0.79,1,419.2,Low
2023-10-04 00:30:00,LOC_003,43.222,76.8512,18,43.1,2.8,12,3,1,2,Red,Rain,0,-0.64,6,400.0,Medium
2023-10-04 00:45:00,LOC_001,43.2389,76.8897,19,43.4,15.8,14,3,1,1,Green,Rain,0,-0.31,10,400.0,Medium
2023-10-04 01:00:00,LOC_002,43.2567,76.9286,10,65.8,1.1,6,3,0,1,Green,Clear,0,0.7,0,415.0,Low
2023-10-04 01:15:00,LOC_003,43.222,76.8512,19,57.9,9.4,14,4,1,0,Red,Clear,0,0.45,0,408.5,Low
2023-10-04 01:30:00,LOC_001,43.2389,76.8897,49,52.6,30.8,35,6,3,5,Yellow,Clear,0,0.71,1,429.7,Low
2023-10-04 01:45:00,LOC_002,43.2567,76.9286,31,57.6,11.0,21,5,2,3,Red,Clear,0,0.38,1,419.4,Low
2023-10-04 02:00:00,LOC_003,43.222,76.8512,26,43.2,13.9,18,6,1,1,Red,Rain,0,-0.55,7,440.5,Medium
2023-10-04 02:15:00,LOC_001,43.2389,76.8897,25,43.4,20.3,17,6,1,1,Red,Fog,0,-0.22,4,418.7,Medium
2023-10-04 02:30:00,LOC_002,43.2567,76.9286,29,61.0,21.0,20,4,1,4,Red,Clear,0,0.59,0,419.7,Low
2023-10-04 02:45:00,LOC_003,43.222,76.8512,16,70.1,7.9,10,4,1,1,Green,Clear,0,0.55,0,430.2,Low
2023-10-04 03:00:00,LOC_001,43.2389,76.8897,10,69.3,3.4,6,4,0,0,Red,Clear,0,0.69,0,412.9,Low
2023-10-04 03:15:00,LOC_002,43.2567,76.9286,45,43.2,27.1,30,6,4,5,Yellow,Clear,0,-0.3,6,434.3,Medium
2023-10-04 03:30:00,LOC_003,43.222,76.8512,43,49.7,22.3,28,8,3,4,Green,Clear,0,0.6,0,434.9,Low
2023-10-04 03:45:00,LOC_001,43.2389,76.8897,33,38.8,16.5,21,7,2,3,Red,Rain,0,-0.4,10,417.1,Medium
2023-10-04 04:00:00,LOC_002,43.2567,76.9286,18,65.6,6.6,14,2,1,1,Yellow,Clear,0,0.72,0,424.2,Low
2023-10-04 04:15:00,LOC_003,43.222,76.8512,12,64.7,4.6,8,4,0,0,Red,Clear,0,0.7,1,416.0,Low
2023-10-04 04:30:00,LOC_001,43.2389,76.8897,44,42.5,23.5,30,4,4,6,Red,Clear,0,-0.16,7,449.1,Medium
2023-10-04 04:45:00,LOC_002,43.2567,76.9286,10,61.6,0.0,7,3,0,0,Red,Clear,0,0.63,1,412.1,Low
2023-10-04 05:00:00,LOC_003,43.222,76.8512,37,35.5,18.0,28,4,2,3,Red,Rain,0,-0.31,9,414.9,Medium
2023-10-04 05:15:00,LOC_001,43.2389,76.8897,18,44.4,13.4,12,5,0,1,Red,Fog,0,-0.47,9,417.7,Medium
2023-10-04 05:30:00,LOC_002,43.2567,76.9286,10,58.3,2.6,6,4,0,0,Green,Clear,0,0.81,2,420.7,Low
2023-10-04 05:45:00,LOC_003,43.222,76.8512,25,39.5,17.1,18,3,1,3,Green,Rain,0,-0.53,11,400.0,Medium
2023-10-04 06:00:00,LOC_001,43.2389,76.8897,85,37.9,45.6,67,0,7,11,Red,Clear,0,-0.03,8,458.5,Medium
2023-10-04 06:15:00,LOC_002,43.2567,76.9286,111,30.1,63.9,77,15,10,9,Red,Clear,0,-0.18,9,491.7,Medium
2023-10-04 06:30:00,LOC_003,43.222,76.8512,94,37.0,44.6,71,11,4,8,Green,Clear,0,-0.35,10,465.0,Medium
2023-10-04 06:45:00,LOC_001,43.2389,76.8897,107,29.6,48.7,83,8,9,7,Green,Clear,0,-0.14,6,451.3,Medium
2023-10-04 07:00:00,LOC_002,43.2567,76.9286,180,2.3,98.2,133,12,16,19,Red,Rain,0,-0.78,9,664.1,High
2023-10-04 07:15:00,LOC_003,43.222,76.8512,129,15.2,69.0,91,20,11,7,Green,Clear,0,-1.0,12,645.9,High
2023-10-04 07:30:00,LOC_001,43.2389,76.8897,155,7.9,84.0,115,20,10,10,Green,Fog,0,-0.76,13,628.6,High
2023-10-04 07:45:00,LOC_002,43.2567,76.9286,170,8.1,98.9,135,14,11,10,Red,Clear,0,-0.64,8,638.1,High
2023-10-04 08:00:00,LOC_003,43.222,76.8512,115,23.4,60.3,79,12,11,13,Red,Clear,0,-0.77,15,614.9,High
2023-10-04 08:15:00,LOC_001,43.2389,76.8897,210,2.0,100.0,166,12,17,15,Red,Clear,0,-0.57,12,662.2,High
2023-10-04 08:30:00,LOC_002,43.2567,76.9286,190,2.3,100.0,150,0,17,23,Red,Fog,0,-1.0,23,681.5,High
2023-10-04 08:45:00,LOC_003,43.222,76.8512,153,13.8,87.8,121,5,14,13,Green,Clear,0,-0.95,17,639.2,High
2023-10-04 09:00:00,LOC_001,43.2389,76.8897,166,5.9,100.0,118,20,8,20,Red,Fog,0,-0.59,11,659.9,High
2023-10-04 09:15:00,LOC_002,43.2567,76.9286,144,18.3,75.4,93,33,8,10,Green,Clear,0,-0.92,17,625.7,High
2023-10-04 09:30:00,LOC_003,43.222,76.8512,180,9.3,100.0,139,2,16,23,Yellow,Rain,0,-0.69,20,639.4,High
2023-10-04 09:45:00,LOC_001,43.2389,76.8897,186,7.4,99.4,146,6,14,20,Red,Clear,0,-1.0,19,672.4,High
2023-10-04 10:00:00,LOC_002,43.2567,76.9286,89,42.6,46.7,63,11,7,8,Green,Clear,0,-0.17,6,452.7,Medium
2023-10-04 10:15:00,LOC_003,43.222,76.8512,95,23.7,46.5,63,14,6,12,Yellow,Clear,0,-0.68,16,602.8,High
2023-10-04 10:30:00,LOC_001,43.2389,76.8897,114,21.5,78.1,79,19,7,9,Red,Rain,0,-0.61,11,598.6,High
2023-10-04 10:45:00,LOC_002,43.2567,76.9286,107,32.1,58.3,74,16,8,9,Yellow,Clear,0,-0.43,8,509.0,Medium
2023-10-04 11:00:00,LOC_003,43.222,76.8512,104,21.6,60.1,79,8,8,9,Green,Rain,0,-0.94,20,598.6,High
2023-10-04 11:15:00,LOC_001,43.2389,76.8897,84,35.5,43.1,63,9,4,8,Green,Clear,0,-0.49,7,445.8,Medium
2023-10-04 11:30:00,LOC_002,43.2567,76.9286,155,15.5,91.2,106,23,15,11,Red,Clear,0,-0.49,10,614.8,High
2023-10-04 11:45:00,LOC_003,43.222,76.8512,141,15.0,73.3,100,11,11,19,Green,Rain,0,-0.79,13,638.4,High
2023-10-04 12:00:00,LOC_001,43.2389,76.8897,72,29.2,38.5,56,6,5,5,Red,Rain,0,-0.31,15,426.5,Medium
2023-10-04 12:15:00,LOC_002,43.2567,76.9286,131,26.3,72.5,95,8,11,17,Green,Clear,0,-0.12,11,469.2,Medium
2023-10-04 12:30:00,LOC_003,43.222,76.8512,62,32.5,34.2,41,11,5,5,Green,Snow,0,-0.29,10,403.5,Medium
2023-10-04 12:45:00,LOC_001,43.2389,76.8897,79,39.7,40.7,63,3,5,8,Red,Clear,0,-0.48,6,444.6,Medium
2023-10-04 13:00:00,LOC_002,43.2567,76.9286,79,20.7,42.9,51,17,6,5,Green,Rain,0,-0.8,20,607.4,High
2023-10-04 13:15:00,LOC_003,43.222,76.8512,76,30.1,44.3,57,5,5,9,Green,Rain,0,-0.43,12,456.1,Medium
2023-10-04 13:30:00,LOC_001,43.2389,76.8897,83,26.2,47.1,63,5,6,9,Yellow,Snow,0,-0.16,4,455.8,Medium
2023-10-04 13:45:00,LOC_002,43.2567,76.9286,140,17.2,77.9,96,25,9,10,Red,Clear,0,-0.66,13,656.8,High
2023-10-04 14:00:00,LOC_003,43.222,76.8512,107,25.9,53.6,73,11,8,15,Green,Rain,0,-0.43,9,450.0,Medium
2023-10-04 14:15:00,LOC_001,43.2389,76.8897,106,22.8,60.2,81,6,6,13,Green,Clear,0,-0.88,12,584.2,High
2023-10-04 14:30:00,LOC_002,43.2567,76.9286,103,22.8,58.9,80,3,6,14,Red,Clear,0,-0.75,20,588.8,High
2023-10-04 14:45:00,LOC_003,43.222,76.8512,79,7.8,78.7,51,17,4,7,Red,Snow,1,-1.0,43,618.9,High
2023-10-04 15:00:00,LOC_001,43.2389,76.8897,89,32.7,48.4,67,10,5,7,Yellow,Clear,0,-0.3,7,463.3,Medium
2023-10-04 15:15:00,LOC_002,43.2567,76.9286,53,40.0,34.7,39,7,4,3,Green,Clear,0,-0.27,3,410.8,Medium
2023-10-04 15:30:00,LOC_003,43.222,76.8512,132,27.8,76.6,102,6,12,12,Green,Clear,0,-0.3,6,495.1,Medium
2023-10-04 15:45:00,LOC_001,43.2389,76.8897,100,34.9,53.8,66,16,8,10,Yellow,Clear,0,-0.11,4,493.5,Medium
2023-10-04 16:00:00,LOC_002,43.2567,76.9286,90,28.7,55.9,67,2,8,13,Yellow,Clear,0,-0.26,6,457.3,Medium
2023-10-04 16:15:00,LOC_003,43.222,76.8512,84,38.2,50.7,57,10,6,11,Red,Clear,0,-0.46,8,488.8,Medium
2023-10-04 16:30:00,LOC_001,43.2389,76.8897,125,15.6,72.4,85,16,10,14,Red,Snow,0,-0.78,15,629.9,High
2023-10-04 16:45:00,LOC_002,43.2567,76.9286,74,30.7,35.1,51,10,6,7,Green,Clear,0,-0.35,5,443.8,Medium
2023-10-04 17:00:00,LOC_003,43.222,76.8512,196,2.0,100.0,127,46,11,12,Red,Fog,0,-0.71,10,648.1,High
2023-10-04 17:15:00,LOC_001,43.2389,76.8897,185,10.8,100.0,128,33,9,15,Green,Clear,0,-0.82,19,660.4,High
2023-10-04 17:30:00,LOC_002,43.2567,76.9286,206,2.0,100.0,144,21,20,21,Red,Clear,0,-0.71,25,679.0,High
2023-10-04 17:45:00,LOC_003,43.222,76.8512,83,35.5,48.0,62,9,7,5,Green,Rain,0,-0.41,9,410.4,Medium
2023-10-04 18:00:00,LOC_001,43.2389,76.8897,161,13.5,85.1,114,9,15,23,Green,Rain,0,-0.66,19,643.3,High
2023-10-04 18:15:00,LOC_002,43.2567,76.9286,82,27.3,44.0,60,8,7,7,Green,Fog,0,-0.19,9,473.6,Medium
2023-10-04 18:30:00,LOC_003,43.222,76.8512,234,2.0,100.0,173,33,16,12,Green,Clear,0,-0.93,11,694.1,High
2023-10-04 18:45:00,LOC_001,43.2389,76.8897,130,13.3,76.5,102,2,10,16,Green,Fog,0,-0.57,18,652.2,High
2023-10-04 19:00:00,LOC_002,43.2567,76.9286,170,9.2,88.4,127,14,8,21,Green,Clear,0,-0.7,16,682.4,High
2023-10-04 19:15:00,LOC_003,43.222,76.8512,147,17.6,77.8,113,0,13,21,Green,Clear,0,-0.7,15,607.5,High
2023-10-04 19:30:00,LOC_001,43.2389,76.8897,163,11.1,100.0,120,24,8,11,Green,Clear,0,-0.67,19,626.4,High
2023-10-04 19:45:00,LOC_002,43.2567,76.9286,166,8.1,89.1,126,16,9,15,Red,Fog,0,-1.0,13,631.1,High
2023-10-04 20:00:00,LOC_003,43.222,76.8512,125,23.9,72.8,92,11,9,13,Red,Rain,0,-0.84,15,594.7,High
2023-10-04 20:15:00,LOC_001,43.2389,76.8897,106,39.4,59.0,73,21,6,6,Green,Clear,0,-0.27,3,460.3,Medium
2023-10-04 20:30:00,LOC_002,43.2567,76.9286,82,25.8,46.9,58,9,4,11,Red,Rain,0,-0.19,5,440.8,Medium
2023-10-04 20:45:00,LOC_003,43.222,76.8512,78,28.0,41.4,60,7,6,5,Green,Fog,0,-0.16,5,462.0,Medium
2023-10-04 21:00:00,LOC_001,43.2389,76.8897,79,37.1,43.6,58,4,7,10,Yellow,Clear,0,-0.5,9,436.4,Medium
2023-10-04 21:15:00,LOC_002,43.2567,76.9286,114,33.9,58.8,74,27,5,8,Red,Clear,0,-0.27,8,484.6,Medium
2023-10-04 21:30:00,LOC_003,43.222,76.8512,76,48.0,41.2,52,11,4,9,Red,Clear,0,0.5,1,433.1,Low
2023-10-04 21:45:00,LOC_001,43.2389,76.8897,103,22.2,60.6,80,7,9,7,Green,Rain,0,-0.68,10,617.5,High
2023-10-04 22:00:00,LOC_002,43.2567,76.9286,129,20.2,64.1,86,30,6,7,Red,Clear,0,-0.78,18,630.4,High
2023-10-04 22:15:00,LOC_003,43.222,76.8512,105,19.5,58.7,82,4,6,13,Red,Snow,0,-0.89,19,608.6,High
2023-10-04 22:30:00,LOC_001,43.2389,76.8897,112,26.5,57.9,82,7,9,14,Red,Clear,0,-0.4,7,455.8,Medium
2023-10-04 22:45:00,LOC_002,43.2567,76.9286,111,28.7,59.5,82,10,10,9,Green,Clear,0,-0.22,8,442.4,Medium
2023-10-04 23:00:00,LOC_003,43.222,76.8512,120,31.7,74.6,78,25,8,9,Yellow,Clear,0,-0.35,14,501.3,Medium
2023-10-04 23:15:00,LOC_001,43.2389,76.8897,72,37.5,49.3,56,8,4,4,Red,Clear,0,-0.28,7,433.7,Medium
2023-10-04 23:30:00,LOC_002,43.2567,76.9286,117,23.5,63.9,81,21,6,9,Red,Clear,0,-0.81,15,640.4,High
2023-10-04 23:45:00,LOC_003,43.222,76.8512,118,18.7,51.3,80,21,10,7,Yellow,Rain,0,-0.8,19,596.6,High
2023-10-05 00:00:00,LOC_001,43.2389,76.8897,29,53.9,10.5,22,2,2,3,Green,Clear,0,0.49,1,411.9,Low
2023-10-05 00:15:00,LOC_002,43.2567,76.9286,22,64.1,11.3,15,3,2,2,Green,Clear,0,0.4,0,403.8,Low
2023-10-05 00:30:00,LOC_003,43.222,76.8512,23,62.1,16.0,15,5,1,2,Green,Clear,0,0.73,0,433.0,Low
2023-10-05 00:45:00,LOC_001,43.2389,76.8897,20,53.6,6.2,15,3,1,1,Green,Clear,0,0.46,0,400.0,Low
2023-10-05 01:00:00,LOC_002,43.2567,76.9286,18,64.2,22.1,13,5,0,0,Red,Clear,0,0.8,0,416.5,Low
2023-10-05 01:15:00,LOC_003,43.222,76.8512,10,62.0,0.0,6,4,0,0,Red,Clear,0,0.73,0,400.0,Low
2023-10-05 01:30:00,LOC_001,43.2389,76.8897,33,41.9,15.0,24,4,2,3,Green,Rain,0,-0.44,8,432.8,Medium
2023-10-05 01:45:00,LOC_002,43.2567,76.9286,16,66.0,5.8,12,2,1,1,Red,Clear,0,0.71,0,400.0,Low
2023-10-05 02:00:00,LOC_003,43.222,76.8512,33,41.8,14.2,21,9,2,1,Green,Rain,0,-0.29,7,412.8,Medium
2023-10-05 02:15:00,LOC_001,43.2389,76.8897,14,60.4,5.9,10,2,1,1,Green,Clear,0,0.82,3,400.0,Low
2023-10-05 02:30:00,LOC_002,43.2567,76.9286,25,67.2,16.7,17,6,1,1,Red,Clear,0,0.96,0,400.0,Low
2023-10-05 02:45:00,LOC_003,43.222,76.8512,10,46.1,3.0,7,2,0,1,Green,Rain,0,0.56,0,400.8,Low
2023-10-05 03:00:00,LOC_001,43.2389,76.8897,24,41.4,11.5,17,5,1,1,Green,Fog,0,-0.34,6,419.5,Medium
2023-10-05 03:15:00,LOC_002,43.2567,76.9286,10,70.1,9.0,7,2,0,1,Green,Clear,0,0.77,0,432.8,Low
2023-10-05 03:30:00,LOC_003,43.222,76.8512,36,55.5,26.1,24,9,2,1,Green,Clear,0,0.63,1,416.7,Low
2023-10-05 03:45:00,LOC_001,43.2389,76.8897,33,43.1,22.5,25,3,2,3,Red,Fog,0,-0.42,5,414.2,Medium
2023-10-05 04:00:00,LOC_002,43.2567,76.9286,19,43.7,10.2,12,5,1,1,Green,Rain,0,-0.18,1,411.2,Medium
2023-10-05 04:15:00,LOC_003,43.222,76.8512,27,59.9,21.7,17,6,2,2,Green,Clear,0,0.63,2,400.0,Low
2023-10-05 04:30:00,LOC_001,43.2389,76.8897,20,46.3,1.3,15,3,1,1,Green,Clear,0,0.54,0,408.1,Low
2023-10-05 04:45:00,LOC_002,43.2567,76.9286,36,52.8,12.1,27,3,2,4,Red,Clear,0,0.67,0,441.5,Low
2023-10-05 05:00:00,LOC_003,43.222,76.8512,31,45.1,23.4,23,5,1,2,Green,Rain,0,1.0,0,402.7,Low
2023-10-05 05:15:00,LOC_001,43.2389,76.8897,34,37.4,20.8,24,8,1,1,Yellow,Rain,0,-0.33,2,423.1,Medium
2023-10-05 05:30:00,LOC_002,43.2567,76.9286,40,32.7,18.7,29,6,3,2,Yellow,Rain,0,-0.13,8,434.5,Medium
2023-10-05 05:45:00,LOC_003,43.222,76.8512,28,42.4,9.6,22,1,2,3,Red,Fog,0,-0.14,10,400.0,Medium
2023-10-05 06:00:00,LOC_001,43.2389,76.8897,78,44.2,43.3,56,14,4,4,Green,Clear,0,-0.41,8,446.3,Medium
2023-10-05 06:15:00,LOC_002,43.2567,76.9286,74,51.4,38.3,56,10,4,4,Red,Clear,0,0.49,0,445.4,Low
2023-10-05 06:30:00,LOC_003,43.222,76.8512,84,40.7,46.1,62,7,5,10,Red,Clear,0,-0.36,5,435.0,Medium
2023-10-05 06:45:00,LOC_001,43.2389,76.8897,144,18.7,86.9,112,4,13,15,Red,Clear,0,-1.0,8,640.3,High
2023-10-05 07:00:00,LOC_002,43.2567,76.9286,168,2.0,96.3,132,12,10,14,Green,Clear,0,-0.95,13,626.5,High
2023-10-05 07:15:00,LOC_003,43.222,76.8512,198,2.0,100.0,129,31,11,27,Yellow,Clear,0,-0.61,22,663.5,High
2023-10-05 07:30:00,LOC_001,43.2389,76.8897,102,35.4,58.5,68,20,7,7,Red,Clear,0,-0.27,6,468.3,Medium
2023-10-05 07:45:00,LOC_002,43.2567,76.9286,118,24.3,64.0,80,14,8,16,Red,Clear,0,-0.81,20,615.0,High
2023-10-05 08:00:00,LOC_003,43.222,76.8512,151,8.8,87.8,116,2,13,20,Red,Clear,0,-0.88,7,651.7,High
2023-10-05 08:15:00,LOC_001,43.2389,76.8897,172,4.5,91.4,132,0,16,24,Red,Clear,0,-0.89,16,653.0,High
2023-10-05 08:30:00,LOC_002,43.2567,76.9286,112,6.4,100.0,77,19,10,6,Red,Clear,1,-1.0,39,631.1,High
2023-10-05 08:45:00,LOC_003,43.222,76.8512,145,20.8,82.2,96,26,9,14,Red,Clear,0,-0.78,16,621.8,High
2023-10-05 09:00:00,LOC_001,43.2389,76.8897,136,20.2,76.1,96,18,9,13,Green,Clear,0,-0.72,13,648.6,High
2023-10-05 09:15:00,LOC_002,43.2567,76.9286,118,22.8,61.1,88,10,8,12,Green,Clear,0,-1.0,20,615.6,High
2023-10-05 09:30:00,LOC_003,43.222,76.8512,145,19.6,77.8,98,20,9,18,Yellow,Clear,0,-0.56,24,641.2,High
2023-10-05 09:45:00,LOC_001,43.2389,76.8897,170,9.7,95.2,121,21,11,17,Red,Clear,0,-0.8,19,639.6,High
2023-10-05 10:00:00,LOC_002,43.2567,76.9286,69,40.6,45.2,54,1,4,10,Green,Clear,0,-0.48,0,433.6,Medium
2023-10-05 10:15:00,LOC_003,43.222,76.8512,123,15.3,74.4,90,13,7,13,Green,Clear,0,-0.89,9,630.3,High
2023-10-05 10:30:00,LOC_001,43.2389,76.8897,110,27.9,70.2,79,19,6,6,Green,Rain,0,-0.52,2,467.8,Medium
2023-10-05 10:45:00,LOC_002,43.2567,76.9286,94,32.5,47.8,69,7,5,13,Red,Clear,0,-0.31,10,488.2,Medium
2023-10-05 11:00:00,LOC_003,43.222,76.8512,109,12.1,66.8,84,4,10,11,Red,Snow,0,-0.74,25,608.8,High
2023-10-05 11:15:00,LOC_001,43.2389,76.8897,98,36.5,46.7,67,17,7,7,Red,Clear,0,-0.02,5,461.8,Medium
2023-10-05 11:30:00,LOC_002,43.2567,76.9286,57,46.5,31.1,37,10,4,6,Green,Clear,0,0.75,2,445.5,Low
2023-10-05 11:45:00,LOC_003,43.222,76.8512,106,23.0,57.5,82,13,6,5,Red,Fog,0,-0.73,15,608.1,High
2023-10-05 12:00:00,LOC_001,43.2389,76.8897,95,29.3,55.6,72,10,6,7,Green,Rain,0,-0.27,11,446.5,Medium
2023-10-05 12:15:00,LOC_002,43.2567,76.9286,114,24.2,63.4,85,7,8,14,Red,Fog,0,-1.0,14,591.7,High
2023-10-05 12:30:00,LOC_003,43.222,76.8512,127,26.5,77.3,86,13,12,16,Red,Clear,0,-0.4,3,458.8,Medium
2023-10-05 12:45:00,LOC_001,43.2389,76.8897,94,30.0,49.4,72,4,6,12,Red,Clear,0,-0.24,8,458.5,Medium
2023-10-05 13:00:00,LOC_002,43.2567,76.9286,66,49.1,36.0,44,12,5,5,Green,Clear,0,0.65,2,451.2,Low
2023-10-05 13:15:00,LOC_003,43.222,76.8512,115,24.5,62.9,86,11,10,8,Green,Clear,0,-0.53,16,634.7,High
2023-10-05 13:30:00,LOC_001,43.2389,76.8897,103,29.0,59.1,74,11,7,11,Green,Clear,0,-0.24,6,466.5,Medium
2023-10-05 13:45:00,LOC_002,43.2567,76.9286,106,25.8,59.3,80,13,7,6,Green,Rain,0,-0.27,3,475.5,Medium
2023-10-05 14:00:00,LOC_003,43.222,76.8512,119,21.7,59.3,87,7,8,17,Red,Clear,0,-0.99,4,635.5,High
2023-10-05 14:15:00,LOC_001,43.2389,76.8897,95,38.6,45.0,65,18,7,5,Yellow,Clear,0,-0.04,12,451.3,Medium
2023-10-05 14:30:00,LOC_002,43.2567,76.9286,107,26.9,63.9,73,13,8,13,Green,Clear,0,-0.55,7,464.5,Medium
2023-10-05 14:45:00,LOC_003,43.222,76.8512,89,38.4,51.8,60,17,8,4,Red,Clear,0,-0.2,8,449.1,Medium
2023-10-05 15:00:00,LOC_001,43.2389,76.8897,92,38.0,50.6,64,11,7,10,Red,Clear,0,-0.37,6,471.6,Medium
2023-10-05 15:15:00,LOC_002,43.2567,76.9286,142,14.6,78.8,92,22,10,18,Green,Clear,0,-0.76,19,610.8,High
2023-10-05 15:30:00,LOC_003,43.222,76.8512,102,28.2,51.3,69,14,6,13,Red,Clear,0,-0.42,8,441.3,Medium
2023-10-05 15:45:00,LOC_001,43.2389,76.8897,78,30.7,38.1,56,12,4,6,Yellow,Clear,0,-0.46,5,439.4,Medium
2023-10-05 16:00:00,LOC_002,43.2567,76.9286,85,38.1,43.2,66,7,7,5,Red,Clear,0,-0.29,7,454.3,Medium
2023-10-05 16:15:00,LOC_003,43.222,76.8512,134,15.5,70.2,104,13,8,9,Green,Fog,0,-1.0,22,596.9,High
2023-10-05 16:30:00,LOC_001,43.2389,76.8897,107,25.0,60.3,82,4,8,13,Green,Clear,0,-0.98,16,603.1,High
2023-10-05 16:45:00,LOC_002,43.2567,76.9286,82,37.2,48.3,57,17,4,4,Yellow,Clear,0,-0.32,9,441.0,Medium
2023-10-05 17:00:00,LOC_003,43.222,76.8512,199,2.0,100.0,133,19,19,28,Red,Clear,0,-0.67,11,652.8,High
2023-10-05 17:15:00,LOC_001,43.2389,76.8897,117,32.6,61.1,82,21,7,7,Green,Clear,0,-0.45,11,495.3,Medium
2023-10-05 17:30:00,LOC_002,43.2567,76.9286,130,21.5,70.6,100,15,7,8,Green,Rain,0,-0.68,12,645.2,High
2023-10-05 17:45:00,LOC_003,43.222,76.8512,164,7.4,85.8,110,33,8,13,Red,Clear,0,-0.81,20,645.2,High
2023-10-05 18:00:00,LOC_001,43.2389,76.8897,179,2.0,98.2,130,27,10,12,Green,Clear,0,-0.71,24,647.6,High
2023-10-05 18:15:00,LOC_002,43.2567,76.9286,171,5.5,98.7,112,35,12,12,Green,Rain,0,-0.92,17,664.4,High
2023-10-05 18:30:00,LOC_003,43.222,76.8512,168,8.5,90.6,132,5,14,17,Red,Clear,0,-0.64,23,647.5,High
2023-10-05 18:45:00,LOC_001,43.2389,76.8897,195,2.0,100.0,150,6,13,26,Green,Fog,0,-0.89,15,696.1,High
2023-10-05 19:00:00,LOC_002,43.2567,76.9286,137,25.8,75.5,100,20,8,9,Green,Clear,0,-0.05,5,443.4,Medium
2023-10-05 19:15:00,LOC_003,43.222,76.8512,161,12.1,93.2,107,35,8,11,Red,Rain,0,-0.98,18,664.8,High
2023-10-05 19:30:00,LOC_001,43.2389,76.8897,174,3.4,93.8,138,7,11,18,Green,Clear,0,-0.77,23,646.2,High
2023-10-05 19:45:00,LOC_002,43.2567,76.9286,110,35.9,59.5,85,10,9,6,Red,Clear,0,-0.25,4,462.2,Medium
2023-10-05 20:00:00,LOC_003,43.222,76.8512,102,40.2,58.7,66,21,7,8,Red,Clear,0,-0.17,9,459.9,Medium
2023-10-05 20:15:00,LOC_001,43.2389,76.8897,103,31.5,69.6,78,13,6,6,Red,Clear,0,-0.11,4,467.0,Medium
2023-10-05 20:30:00,LOC_002,43.2567,76.9286,131,10.4,78.4,100,10,7,14,Yellow,Fog,0,-0.57,16,666.1,High
2023-10-05 20:45:00,LOC_003,43.222,76.8512,43,52.4,20.1,29,9,3,2,Green,Clear,0,0.89,1,400.3,Low
2023-10-05 21:00:00,LOC_001,43.2389,76.8897,108,21.0,63.0,82,14,7,5,Red,Fog,0,-0.83,18,610.7,High
2023-10-05 21:15:00,LOC_002,43.2567,76.9286,64,13.0,66.8,47,9,4,4,Green,Clear,1,-1.0,37,579.3,High
2023-10-05 21:30:00,LOC_003,43.222,76.8512,84,31.9,48.6,59,13,5,7,Green,Fog,0,-0.04,7,437.8,Medium
2023-10-05 21:45:00,LOC_001,43.2389,76.8897,120,26.6,67.6,89,8,7,16,Red,Clear,0,-0.14,2,474.1,Medium
2023-10-05 22:00:00,LOC_002,43.2567,76.9286,124,18.0,64.1,85,25,6,8,Red,Rain,0,-0.83,18,605.4,High
2023-10-05 22:15:00,LOC_003,43.222,76.8512,68,38.9,39.9,53,2,5,8,Green,Clear,0,-0.18,6,455.0,Medium
2023-10-05 22:30:00,LOC_001,43.2389,76.8897,83,39.4,56.4,57,13,7,6,Green,Clear,0,-0.34,3,438.1,Medium
2023-10-05 22:45:00,LOC_002,43.2567,76.9286,68,44.2,35.9,53,1,4,10,Green,Clear,0,-0.54,6,447.8,Medium
2023-10-05 23:00:00,LOC_003,43.222,76.8512,91,27.5,37.8,63,18,6,4,Green,Fog,0,-0.28,12,477.1,Medium
2023-10-05 23:15:00,LOC_001,43.2389,76.8897,89,28.7,52.8,63,11,5,10,Red,Clear,0,-0.27,5,437.4,Medium
2023-10-05 23:30:00,LOC_002,43.2567,76.9286,59,42.5,36.0,38,13,4,4,Yellow,Clear,0,-0.5,10,441.3,Medium
2023-10-05 23:45:00,LOC_003,43.222,76.8512,102,29.5,58.8,73,17,6,6,Green,Rain,0,-0.33,5,446.6,Medium
2023-10-06 00:00:00,LOC_001,43.2389,76.8897,39,46.2,27.2,28,6,1,4,Green,Clear,0,0.51,0,417.4,Low
2023-10-06 00:15:00,LOC_002,43.2567,76.9286,10,48.3,11.4,7,2,0,1,Green,Fog,0,0.61,0,400.0,Low
2023-10-06 00:30:00,LOC_003,43.222,76.8512,42,52.5,18.6,30,4,3,5,Red,Clear,0,0.57,0,431.5,Low
2023-10-06 00:45:00,LOC_001,43.2389,76.8897,19,63.3,19.7,14,2,1,2,Green,Clear,0,0.62,2,404.8,Low
2023-10-06 01:00:00,LOC_002,43.2567,76.9286,24,56.0,8.0,16,4,2,2,Green,Clear,0,0.61,1,420.1,Low
2023-10-06 01:15:00,LOC_003,43.222,76.8512,23,57.7,15.4,16,3,1,3,Red,Clear,0,0.34,1,400.4,Low
2023-10-06 01:30:00,LOC_001,43.2389,76.8897,38,40.5,26.0,29,3,2,4,Green,Fog,0,-0.28,7,400.0,Medium
2023-10-06 01:45:00,LOC_002,43.2567,76.9286,28,41.3,11.4,21,3,2,2,Green,Rain,0,-0.1,13,413.2,Medium
2023-10-06 02:00:00,LOC_003,43.222,76.8512,10,58.4,8.5,7,2,0,1,Green,Clear,0,0.62,2,411.2,Low
2023-10-06 02:15:00,LOC_001,43.2389,76.8897,17,47.1,6.9,13,3,0,1,Red,Snow,0,0.56,0,406.2,Low
2023-10-06 02:30:00,LOC_002,43.2567,76.9286,16,46.2,8.6,12,4,0,0,Red,Snow,0,0.57,2,410.6,Low
2023-10-06 02:45:00,LOC_003,43.222,76.8512,37,47.7,26.6,24,9,2,2,Red,Clear,0,0.61,1,415.3,Low
2023-10-06 03:00:00,LOC_001,43.2389,76.8897,33,55.8,21.0,24,6,1,2,Yellow,Clear,0,0.36,0,425.5,Low
2023-10-06 03:15:00,LOC_002,43.2567,76.9286,36,63.9,17.3,25,4,2,5,Green,Clear,0,0.49,0,415.1,Low
2023-10-06 03:30:00,LOC_003,43.222,76.8512,29,52.3,16.7,18,6,2,3,Green,Clear,0,0.83,2,426.3,Low
2023-10-06 03:45:00,LOC_001,43.2389,76.8897,21,63.2,16.5,16,3,1,1,Green,Clear,0,0.69,0,401.4,Low
2023-10-06 04:00:00,LOC_002,43.2567,76.9286,26,58.5,15.7,17,6,2,1,Green,Clear,0,0.53,1,403.6,Low
2023-10-06 04:15:00,LOC_003,43.222,76.8512,13,45.6,0.6,9,2,1,1,Red,Snow,0,0.48,0,405.7,Low
2023-10-06 04:30:00,LOC_001,43.2389,76.8897,14,62.8,7.0,10,3,0,1,Yellow,Clear,0,0.76,2,445.9,Low
2023-10-06 04:45:00,LOC_002,43.2567,76.9286,10,57.0,6.5,6,3,0,1,Red,Clear,0,0.41,0,432.2,Low
2023-10-06 05:00:00,LOC_003,43.222,76.8512,24,54.8,4.3,17,5,1,1,Red,Clear,0,0.67,0,411.9,Low
2023-10-06 05:15:00,LOC_001,43.2389,76.8897,34,46.2,15.0,24,7,2,1,Green,Clear,0,0.73,0,431.7,Low
2023-10-06 05:30:00,LOC_002,43.2567,76.9286,24,62.6,11.6,19,3,1,1,Red,Clear,0,0.99,3,418.9,Low
2023-10-06 05:45:00,LOC_003,43.222,76.8512,29,54.2,14.7,21,4,2,2,Green,Clear,0,0.38,2,411.2,Low
2023-10-06 06:00:00,LOC_001,43.2389,76.8897,93,36.4,59.0,72,9,6,6,Yellow,Clear,0,-0.33,12,472.4,Medium
2023-10-06 06:15:00,LOC_002,43.2567,76.9286,83,30.4,37.8,62,4,6,11,Red,Clear,0,-0.26,10,461.9,Medium
2023-10-06 06:30:00,LOC_003,43.222,76.8512,60,47.1,29.9,46,2,4,8,Green,Clear,0,0.37,0,444.0,Low
2023-10-06 06:45:00,LOC_001,43.2389,76.8897,120,20.7,68.8,79,21,10,10,Red,Rain,0,-0.91,23,621.7,High
2023-10-06 07:00:00,LOC_002,43.2567,76.9286,160,20.3,82.9,112,20,13,15,Yellow,Clear,0,-0.92,16,647.0,High
2023-10-06 07:15:00,LOC_003,43.222,76.8512,163,19.7,93.8,120,10,14,19,Green,Clear,0,-0.74,16,629.1,High
2023-10-06 07:30:00,LOC_001,43.2389,76.8897,156,15.8,86.4,106,15,12,23,Red,Clear,0,-0.73,21,636.1,High
2023-10-06 07:45:00,LOC_002,43.2567,76.9286,189,5.7,100.0,142,16,16,15,Red,Snow,0,-0.77,7,666.0,High
2023-10-06 08:00:00,LOC_003,43.222,76.8512,189,2.0,100.0,141,9,15,24,Red,Clear,0,-0.8,15,662.4,High
2023-10-06 08:15:00,LOC_001,43.2389,76.8897,179,8.8,100.0,129,24,17,9,Red,Clear,0,-0.91,20,653.2,High
2023-10-06 08:30:00,LOC_002,43.2567,76.9286,103,26.5,48.9,81,11,5,6,Yellow,Rain,0,-0.34,7,465.9,Medium
2023-10-06 08:45:00,LOC_003,43.222,76.8512,120,27.7,64.0,87,16,6,11,Red,Clear,0,-0.15,9,512.4,Medium
2023-10-06 09:00:00,LOC_001,43.2389,76.8897,130,21.8,69.1,100,10,7,13,Green,Clear,0,-0.87,16,614.6,High
2023-10-06 09:15:00,LOC_002,43.2567,76.9286,138,15.6,75.5,93,23,10,12,Red,Clear,0,-0.96,12,624.9,High
2023-10-06 09:30:00,LOC_003,43.222,76.8512,159,8.2,89.8,124,14,9,12,Red,Rain,0,-0.75,14,601.4,High
2023-10-06 09:45:00,LOC_001,43.2389,76.8897,133,21.5,72.0,91,19,9,14,Yellow,Clear,0,-0.71,11,613.4,High
2023-10-06 10:00:00,LOC_002,43.2567,76.9286,111,33.2,60.8,86,0,10,15,Red,Clear,0,-0.27,8,458.1,Medium
2023-10-06 10:15:00,LOC_003,43.222,76.8512,91,23.2,48.0,69,3,9,10,Red,Rain,0,-0.83,18,630.5,High
2023-10-06 10:30:00,LOC_001,43.2389,76.8897,111,24.7,64.3,78,15,8,10,Red,Clear,0,-0.76,24,629.8,High
2023-10-06 10:45:00,LOC_002,43.2567,76.9286,77,43.2,42.8,57,4,5,11,Red,Clear,0,-0.05,8,430.9,Medium
2023-10-06 11:00:00,LOC_003,43.222,76.8512,119,27.1,64.6,91,7,7,14,Green,Clear,0,-0.29,3,484.3,Medium
2023-10-06 11:15:00,LOC_001,43.2389,76.8897,44,47.1,18.3,34,4,3,3,Green,Clear,0,0.79,1,434.2,Low
2023-10-06 11:30:00,LOC_002,43.2567,76.9286,120,11.9,66.5,80,17,7,16,Green,Clear,0,-0.77,15,606.0,High
2023-10-06 11:45:00,LOC_003,43.222,76.8512,76,39.2,40.8,49,16,4,7,Green,Clear,0,-0.28,8,453.5,Medium
2023-10-06 12:00:00,LOC_001,43.2389,76.8897,22,59.5,16.2,17,3,1,1,Green,Clear,0,0.82,1,405.4,Low
2023-10-06 12:15:00,LOC_002,43.2567,76.9286,68,20.5,31.2,48,10,6,4,Green,Fog,0,-0.83,16,589.1,High
2023-10-06 12:30:00,LOC_003,43.222,76.8512,124,17.4,75.5,87,20,11,6,Red,Fog,0,-1.0,15,649.8,High
2023-10-06 12:45:00,LOC_001,43.2389,76.8897,106,29.6,59.8,76,18,7,5,Red,Clear,0,-0.53,9,478.8,Medium
2023-10-06 13:00:00,LOC_002,43.2567,76.9286,89,38.6,50.9,61,7,8,13,Red,Clear,0,-0.31,11,465.3,Medium
2023-10-06 13:15:00,LOC_003,43.222,76.8512,114,28.3,69.4,88,11,8,7,Red,Clear,0,-0.13,4,458.8,Medium
2023-10-06 13:30:00,LOC_001,43.2389,76.8897,56,12.3,68.0,44,5,4,3,Red,Clear,1,-1.0,26,560.6,High
2023-10-06 13:45:00,LOC_002,43.2567,76.9286,113,20.9,63.8,82,13,8,10,Red,Rain,0,-0.87,25,618.1,High
2023-10-06 14:00:00,LOC_003,43.222,76.8512,65,43.1,32.2,48,7,6,4,Green,Clear,0,-0.29,3,449.5,Medium
2023-10-06 14:15:00,LOC_001,43.2389,76.8897,107,23.9,55.1,81,12,8,6,Green,Fog,0,-0.79,23,610.4,High
2023-10-06 14:30:00,LOC_002,43.2567,76.9286,89,25.0,46.1,59,15,6,9,Green,Snow,0,-0.69,11,613.4,High
2023-10-06 14:45:00,LOC_003,43.222,76.8512,111,29.9,66.8,74,21,6,10,Green,Clear,0,-0.18,8,452.0,Medium
2023-10-06 15:00:00,LOC_001,43.2389,76.8897,111,28.1,63.1,80,13,8,10,Green,Clear,0,-0.26,2,451.9,Medium
2023-10-06 15:15:00,LOC_002,43.2567,76.9286,163,9.1,90.0,114,30,10,9,Green,Clear,0,-0.76,17,628.8,High
2023-10-06 15:30:00,LOC_003,43.222,76.8512,107,19.6,58.1,85,7,6,9,Red,Clear,0,-1.0,14,624.0,High
2023-10-06 15:45:00,LOC_001,43.2389,76.8897,130,19.6,73.8,98,13,12,7,Red,Clear,0,-0.84,24,614.9,High
2023-10-06 16:00:00,LOC_002,43.2567,76.9286,110,26.9,60.8,72,21,10,7,Green,Clear,0,-0.26,8,478.0,Medium
2023-10-06 16:15:00,LOC_003,43.222,76.8512,82,6.1,83.5,61,13,4,4,Red,Rain,1,-1.0,29,600.6,High
2023-10-06 16:30:00,LOC_001,43.2389,76.8897,138,23.6,73.4,96,16,11,15,Red,Clear,0,-0.75,18,650.6,High
2023-10-06 16:45:00,LOC_002,43.2567,76.9286,104,22.7,52.9,69,23,7,5,Green,Rain,0,-0.72,18,639.2,High
2023-10-06 17:00:00,LOC_003,43.222,76.8512,90,7.1,87.7,65,9,4,12,Green,Rain,1,-1.0,35,593.5,High
2023-10-06 17:15:00,LOC_001,43.2389,76.8897,143,13.6,83.8,104,22,8,9,Green,Rain,0,-1.0,16,632.2,High
2023-10-06 17:30:00,LOC_002,43.2567,76.9286,177,9.1,99.2,133,9,15,20,Red,Clear,0,-0.74,15,646.8,High
2023-10-06 17:45:00,LOC_003,43.222,76.8512,147,18.5,76.6,115,8,8,16,Red,Clear,0,-1.0,17,628.3,High
2023-10-06 18:00:00,LOC_001,43.2389,76.8897,152,9.5,86.3,102,27,10,13,Green,Clear,0,-0.87,13,650.3,High
2023-10-06 18:15:00,LOC_002,43.2567,76.9286,135,18.6,75.6,103,10,10,12,Yellow,Clear,0,-0.67,15,614.0,High
2023-10-06 18:30:00,LOC_003,43.222,76.8512,172,9.5,99.9,135,14,13,10,Green,Rain,0,-0.68,12,658.7,High
2023-10-06 18:45:00,LOC_001,43.2389,76.8897,179,9.7,100.0,125,33,12,9,Red,Clear,0,-0.67,22,664.5,High
2023-10-06 19:00:00,LOC_002,43.2567,76.9286,148,10.7,80.8,114,6,14,14,Yellow,Snow,0,-0.89,11,658.1,High
2023-10-06 19:15:00,LOC_003,43.222,76.8512,226,2.0,100.0,175,16,20,15,Red,Rain,0,-0.75,13,695.6,High
2023-10-06 19:30:00,LOC_001,43.2389,76.8897,133,5.4,100.0,89,21,12,11,Green,Clear,1,-1.0,32,642.3,High
2023-10-06 19:45:00,LOC_002,43.2567,76.9286,132,28.2,71.7,98,16,10,8,Red,Clear,0,-0.3,11,454.1,Medium
2023-10-06 20:00:00,LOC_003,43.222,76.8512,139,18.0,82.9,102,19,7,11,Red,Clear,0,-0.65,14,630.2,High
2023-10-06 20:15:00,LOC_001,43.2389,76.8897,55,27.4,23.3,42,4,5,4,Green,Rain,0,-0.41,5,430.5,Medium
2023-10-06 20:30:00,LOC_002,43.2567,76.9286,89,22.7,51.9,59,13,7,10,Green,Rain,0,-0.73,16,618.8,High
2023-10-06 20:45:00,LOC_003,43.222,76.8512,68,35.2,40.7,45,11,4,8,Red,Fog,0,-0.31,7,448.7,Medium
2023-10-06 21:00:00,LOC_001,43.2389,76.8897,106,20.8,55.3,72,13,8,13,Green,Fog,0,-0.8,19,624.7,High
2023-10-06 21:15:00,LOC_002,43.2567,76.9286,105,17.9,63.5,77,8,5,15,Green,Rain,0,-0.6,19,620.8,High
2023-10-06 21:30:00,LOC_003,43.222,76.8512,101,31.4,55.2,75,6,8,12,Red,Clear,0,-0.47,11,463.7,Medium
2023-10-06 21:45:00,LOC_001,43.2389,76.8897,115,26.1,61.7,84,6,9,16,Green,Clear,0,-0.3,2,458.2,Medium
2023-10-06 22:00:00,LOC_002,43.2567,76.9286,75,43.3,45.8,52,7,6,10,Red,Clear,0,-0.2,9,440.1,Medium
2023-10-06 22:15:00,LOC_003,43.222,76.8512,85,32.3,50.1,60,9,6,10,Green,Clear,0,-0.42,7,425.9,Medium
2023-10-06 22:30:00,LOC_001,43.2389,76.8897,99,21.4,58.9,77,3,8,11,Yellow,Rain,0,-0.99,15,604.3,High
2023-10-06 22:45:00,LOC_002,43.2567,76.9286,52,44.9,29.5,34,9,4,5,Red,Clear,0,-0.34,10,415.1,Medium
2023-10-06 23:00:00,LOC_003,43.222,76.8512,142,12.8,85.9,112,5,8,17,Red,Snow,0,-0.84,28,644.9,High
2023-10-06 23:15:00,LOC_001,43.2389,76.8897,111,34.8,61.4,82,13,7,9,Green,Clear,0,-0.56,7,471.3,Medium
2023-10-06 23:30:00,LOC_002,43.2567,76.9286,88,26.2,49.3,63,7,6,12,Red,Rain,0,-0.47,8,459.4,Medium
2023-10-06 23:45:00,LOC_003,43.222,76.8512,97,31.3,60.6,68,11,5,13,Red,Clear,0,-0.19,8,436.4,Medium
2023-10-07 00:00:00,LOC_001,43.2389,76.8897,32,61.3,16.7,25,2,2,3,Green,Clear,0,0.5,0,427.2,Low
2023-10-07 00:15:00,LOC_002,43.2567,76.9286,21,54.2,13.3,15,4,1,1,Green,Clear,0,0.61,0,423.1,Low
2023-10-07 00:30:00,LOC_003,43.222,76.8512,29,41.6,6.7,22,3,1,3,Red,Rain,0,-0.32,9,400.0,Medium
2023-10-07 00:45:00,LOC_001,43.2389,76.8897,27,60.8,8.6,18,5,1,3,Green,Clear,0,0.79,1,440.5,Low
2023-10-07 01:00:00,LOC_002,43.2567,76.9286,8,15.4,50.1,5,3,0,0,Green,Clear,1,-1.0,13,556.1,High
2023-10-07 01:15:00,LOC_003,43.222,76.8512,18,58.8,5.8,12,4,1,1,Green,Clear,0,0.74,0,403.1,Low
2023-10-07 01:30:00,LOC_001,43.2389,76.8897,26,60.2,15.0,20,3,1,2,Red,Clear,0,0.44,0,421.6,Low
2023-10-07 01:45:00,LOC_002,43.2567,76.9286,28,58.2,24.5,21,5,1,1,Red,Clear,0,0.6,0,402.9,Low
2023-10-07 02:00:00,LOC_003,43.222,76.8512,54,31.2,24.7,40,5,4,5,Green,Rain,0,-0.34,8,463.4,Medium
2023-10-07 02:15:00,LOC_001,43.2389,76.8897,11,50.5,11.0,7,3,0,1,Red,Fog,0,0.6,0,400.0,Low
2023-10-07 02:30:00,LOC_002,43.2567,76.9286,33,56.1,14.2,22,7,2,2,Red,Clear,0,0.43,0,408.7,Low
2023-10-07 02:45:00,LOC_003,43.222,76.8512,10,71.8,11.0,7,3,0,0,Green,Clear,0,0.52,0,416.9,Low
2023-10-07 03:00:00,LOC_001,43.2389,76.8897,37,49.2,13.2,25,7,1,4,Green,Rain,0,0.41,0,423.4,Low
2023-10-07 03:15:00,LOC_002,43.2567,76.9286,18,46.7,7.0,13,2,1,2,Green,Rain,0,0.74,2,417.7,Low
2023-10-07 03:30:00,LOC_003,43.222,76.8512,10,57.1,4.5,7,2,0,1,Yellow,Clear,0,0.55,1,414.3,Low
2023-10-07 03:45:00,LOC_001,43.2389,76.8897,22,63.1,10.9,15,4,1,2,Red,Clear,0,0.79,0,416.0,Low
2023-10-07 04:00:00,LOC_002,43.2567,76.9286,18,43.3,11.1,12,3,1,2,Green,Fog,0,-0.48,11,414.0,Medium
2023-10-07 04:15:00,LOC_003,43.222,76.8512,26,42.2,11.8,18,4,2,2,Yellow,Rain,0,-0.34,8,433.5,Medium
2023-10-07 04:30:00,LOC_001,43.2389,76.8897,17,56.8,7.7,13,1,1,2,Green,Clear,0,0.72,0,416.6,Low
2023-10-07 04:45:00,LOC_002,43.2567,76.9286,10,44.1,0.0,6,4,0,0,Yellow,Rain,0,-0.29,9,411.6,Medium
2023-10-07 05:00:00,LOC_003,43.222,76.8512,26,46.6,14.2,18,5,1,2,Red,Rain,0,0.62,1,401.7,Low
2023-10-07 05:15:00,LOC_001,43.2389,76.8897,23,49.8,7.3,16,5,1,1,Green,Clear,0,0.59,1,424.9,Low
2023-10-07 05:30:00,LOC_002,43.2567,76.9286,35,7.9,49.9,27,4,2,2,Red,Fog,1,-0.85,45,571.3,High
2023-10-07 05:45:00,LOC_003,43.222,76.8512,12,53.0,7.2,8,2,1,1,Red,Clear,0,0.85,1,400.1,Low
2023-10-07 06:00:00,LOC_001,43.2389,76.8897,96,23.2,53.4,67,11,7,11,Red,Clear,0,-0.95,10,628.8,High
2023-10-07 06:15:00,LOC_002,43.2567,76.9286,106,21.0,56.5,80,12,6,8,Red,Rain,0,-0.9,26,606.0,High
2023-10-07 06:30:00,LOC_003,43.222,76.8512,63,38.0,40.8,45,8,3,7,Red,Clear,0,-0.28,14,434.4,Medium
2023-10-07 06:45:00,LOC_001,43.2389,76.8897,16,50.2,0.2,10,5,1,0,Green,Rain,0,1.0,1,415.9,Low
2023-10-07 07:00:00,LOC_002,43.2567,76.9286,116,22.2,65.5,89,6,11,10,Red,Rain,0,-0.71,24,609.9,High
2023-10-07 07:15:00,LOC_003,43.222,76.8512,97,42.7,64.0,65,10,9,13,Green,Clear,0,-0.2,3,446.3,Medium
2023-10-07 07:30:00,LOC_001,43.2389,76.8897,103,24.6,47.4,67,22,5,9,Red,Rain,0,-0.63,14,627.7,High
2023-10-07 07:45:00,LOC_002,43.2567,76.9286,109,40.4,62.2,85,8,9,7,Red,Clear,0,-0.33,7,451.9,Medium
2023-10-07 08:00:00,LOC_003,43.222,76.8512,96,37.1,62.0,69,11,9,7,Red,Clear,0,-0.41,5,454.5,Medium
2023-10-07 08:15:00,LOC_001,43.2389,76.8897,92,30.6,53.0,62,16,6,8,Red,Clear,0,-0.42,13,456.3,Medium
2023-10-07 08:30:00,LOC_002,43.2567,76.9286,62,38.6,31.6,47,5,5,5,Red,Clear,0,-0.13,5,444.5,Medium
2023-10-07 08:45:00,LOC_003,43.222,76.8512,85,41.1,54.5,58,13,5,9,Green,Clear,0,-0.45,3,433.6,Medium
2023-10-07 09:00:00,LOC_001,43.2389,76.8897,67,46.7,36.0,50,11,3,3,Green,Clear,0,0.65,0,456.7,Low
2023-10-07 09:15:00,LOC_002,43.2567,76.9286,98,36.2,51.4,72,18,4,4,Green,Clear,0,-0.18,5,490.6,Medium
2023-10-07 09:30:00,LOC_003,43.222,76.8512,81,41.2,48.2,63,8,6,4,Red,Clear,0,-0.21,7,432.2,Medium
2023-10-07 09:45:00,LOC_001,43.2389,76.8897,79,43.1,39.1,61,5,6,7,Green,Clear,0,-0.65,13,433.2,Medium
2023-10-07 10:00:00,LOC_002,43.2567,76.9286,45,46.9,24.1,32,9,2,2,Yellow,Clear,0,0.6,0,404.3,Low
2023-10-07 10:15:00,LOC_003,43.222,76.8512,48,47.2,34.8,33,9,4,2,Green,Clear,0,0.58,0,427.9,Low
2023-10-07 10:30:00,LOC_001,43.2389,76.8897,67,27.6,36.5,53,3,6,5,Red,Rain,0,-0.6,9,471.2,Medium
2023-10-07 10:45:00,LOC_002,43.2567,76.9286,88,26.1,45.6,61,16,4,7,Green,Rain,0,-0.25,7,476.1,Medium
2023-10-07 11:00:00,LOC_003,43.222,76.8512,105,36.9,58.9,75,14,9,7,Red,Clear,0,-0.17,12,465.4,Medium
2023-10-07 11:15:00,LOC_001,43.2389,76.8897,116,22.5,64.5,76,18,9,13,Green,Rain,0,-0.65,16,612.3,High
2023-10-07 11:30:00,LOC_002,43.2567,76.9286,64,47.3,40.6,46,8,5,5,Green,Clear,0,0.47,0,438.1,Low
2023-10-07 11:45:00,LOC_003,43.222,76.8512,134,27.3,71.8,105,3,9,17,Red,Clear,0,-0.13,6,511.3,Medium
2023-10-07 12:00:00,LOC_001,43.2389,76.8897,53,31.9,28.0,38,7,3,5,Red,Fog,0,-0.34,8,428.8,Medium
2023-10-07 12:15:00,LOC_002,43.2567,76.9286,102,21.6,61.2,70,18,7,7,Green,Rain,0,-0.94,22,616.1,High
2023-10-07 12:30:00,LOC_003,43.222,76.8512,92,24.9,49.8,72,0,8,12,Red,Clear,0,-0.77,18,601.2,High
2023-10-07 12:45:00,LOC_001,43.2389,76.8897,65,11.4,74.9,50,4,5,6,Red,Clear,1,-1.0,42,584.0,High
2023-10-07 13:00:00,LOC_002,43.2567,76.9286,153,8.4,76.0,118,6,8,21,Red,Snow,0,-0.76,18,636.6,High
2023-10-07 13:15:00,LOC_003,43.222,76.8512,91,26.5,47.4,62,11,6,12,Yellow,Rain,0,-0.29,3,449.1,Medium
2023-10-07 13:30:00,LOC_001,43.2389,76.8897,109,23.5,53.7,73,19,8,9,Red,Clear,0,-0.97,18,620.4,High
2023-10-07 13:45:00,LOC_002,43.2567,76.9286,93,24.1,45.4,71,5,7,10,Red,Snow,0,-0.72,33,610.0,High
2023-10-07 14:00:00,LOC_003,43.222,76.8512,97,24.3,42.5,64,19,5,9,Red,Rain,0,-0.83,13,613.3,High
2023-10-07 14:15:00,LOC_001,43.2389,76.8897,53,33.6,19.9,41,4,4,4,Yellow,Snow,0,-0.26,6,429.0,Medium
2023-10-07 14:30:00,LOC_002,43.2567,76.9286,76,37.2,39.3,54,9,4,9,Green,Fog,0,-0.39,5,454.6,Medium
2023-10-07 14:45:00,LOC_003,43.222,76.8512,59,35.4,37.0,41,11,3,4,Green,Snow,0,-0.49,10,436.2,Medium
2023-10-07 15:00:00,LOC_001,43.2389,76.8897,134,16.1,73.6,96,14,11,13,Red,Clear,0,-0.73,17,621.5,High
2023-10-07 15:15:00,LOC_002,43.2567,76.9286,44,9.6,69.0,29,6,3,6,Yellow,Rain,1,-1.0,32,594.3,High
2023-10-07 15:30:00,LOC_003,43.222,76.8512,98,31.7,49.2,71,14,6,7,Green,Clear,0,-0.43,6,443.1,Medium
2023-10-07 15:45:00,LOC_001,43.2389,76.8897,115,15.8,66.7,89,5,9,12,Green,Rain,0,-0.85,17,617.9,High
2023-10-07 16:00:00,LOC_002,43.2567,76.9286,84,38.1,51.3,63,6,4,11,Green,Clear,0,-0.52,7,432.6,Medium
2023-10-07 16:15:00,LOC_003,43.222,76.8512,161,12.0,90.7,106,35,11,9,Red,Clear,0,-1.0,23,629.7,High
2023-10-07 16:30:00,LOC_001,43.2389,76.8897,84,40.8,47.6,60,13,6,5,Green,Clear,0,-0.47,13,453.4,Medium
2023-10-07 16:45:00,LOC_002,43.2567,76.9286,70,45.2,39.4,54,3,6,7,Green,Clear,0,0.62,2,437.3,Low
2023-10-07 17:00:00,LOC_003,43.222,76.8512,99,35.1,50.4,77,5,8,9,Red,Clear,0,-0.3,7,462.4,Medium
2023-10-07 17:15:00,LOC_001,43.2389,76.8897,80,29.2,39.5,62,2,6,10,Green,Fog,0,-0.49,13,458.6,Medium
2023-10-07 17:30:00,LOC_002,43.2567,76.9286,85,36.8,48.1,56,14,5,10,Green,Clear,0,-0.27,5,458.9,Medium
2023-10-07 17:45:00,LOC_003,43.222,76.8512,72,37.5,36.8,57,4,5,6,Green,Clear,0,-0.2,4,455.7,Medium
2023-10-07 18:00:00,LOC_001,43.2389,76.8897,93,39.0,54.7,73,3,6,11,Green,Clear,0,-0.6,10,466.3,Medium
2023-10-07 18:15:00,LOC_002,43.2567,76.9286,113,17.0,61.6,86,7,7,13,Yellow,Rain,0,-0.63,14,595.9,High
2023-10-07 18:30:00,LOC_003,43.222,76.8512,85,37.8,50.7,57,10,7,11,Red,Clear,0,-0.36,6,472.6,Medium
2023-10-07 18:45:00,LOC_001,43.2389,76.8897,58,33.3,23.9,42,6,5,5,Red,Fog,0,-0.27,9,464.2,Medium
2023-10-07 19:00:00,LOC_002,43.2567,76.9286,98,18.7,59.4,68,17,6,7,Green,Rain,0,-0.87,22,595.1,High
2023-10-07 19:15:00,LOC_003,43.222,76.8512,119,29.7,62.3,93,6,9,11,Red,Clear,0,-0.09,10,489.1,Medium
2023-10-07 19:30:00,LOC_001,43.2389,76.8897,88,45.1,46.5,65,7,8,8,Green,Clear,0,0.78,1,439.7,Low
2023-10-07 19:45:00,LOC_002,43.2567,76.9286,71,29.0,40.4,55,1,6,9,Yellow,Rain,0,-0.26,3,454.5,Medium
2023-10-07 20:00:00,LOC_003,43.222,76.8512,80,38.2,45.7,63,6,6,5,Yellow,Clear,0,-0.37,11,431.3,Medium
2023-10-07 20:15:00,LOC_001,43.2389,76.8897,69,40.2,39.1,45,11,6,7,Green,Clear,0,-0.46,7,435.1,Medium
2023-10-07 20:30:00,LOC_002,43.2567,76.9286,112,23.8,63.1,84,9,5,14,Green,Clear,0,-0.66,20,624.9,High
2023-10-07 20:45:00,LOC_003,43.222,76.8512,92,25.5,56.8,69,6,5,12,Green,Rain,0,-0.48,7,472.8,Medium
2023-10-07 21:00:00,LOC_001,43.2389,76.8897,54,12.4,59.9,39,4,4,7,Yellow,Clear,1,-1.0,37,613.9,High
2023-10-07 21:15:00,LOC_002,43.2567,76.9286,99,23.0,57.9,76,9,9,5,Red,Rain,0,-1.0,18,616.2,High
2023-10-07 21:30:00,LOC_003,43.222,76.8512,137,15.5,83.9,104,9,9,15,Yellow,Clear,0,-0.75,24,634.2,High
2023-10-07 21:45:00,LOC_001,43.2389,76.8897,92,32.7,52.4,72,6,8,6,Red,Clear,0,-0.31,10,456.6,Medium
2023-10-07 22:00:00,LOC_002,43.2567,76.9286,90,23.0,51.2,60,18,8,4,Green,Fog,0,-0.91,15,607.5,High
2023-10-07 22:15:00,LOC_003,43.222,76.8512,66,33.6,41.9,48,9,5,4,Green,Rain,0,-0.49,9,426.5,Medium
2023-10-07 22:30:00,LOC_001,43.2389,76.8897,89,30.2,45.6,69,3,5,12,Red,Clear,0,-0.27,12,441.7,Medium
2023-10-07 22:45:00,LOC_002,43.2567,76.9286,124,31.2,64.9,93,9,10,12,Red,Clear,0,-0.47,11,465.8,Medium
2023-10-07 23:00:00,LOC_003,43.222,76.8512,96,37.8,56.3,62,14,7,13,Green,Clear,0,-0.33,8,452.0,Medium
2023-10-07 23:15:00,LOC_001,43.2389,76.8897,58,47.0,28.4,37,10,3,8,Green,Clear,0,0.47,1,441.5,Low
2023-10-07 23:30:00,LOC_002,43.2567,76.9286,91,30.1,44.3,71,1,7,12,Red,Clear,0,-0.53,12,445.4,Medium
2023-10-07 23:45:00,LOC_003,43.222,76.8512,123,17.4,70.0,81,26,8,8,Green,Fog,0,-0.84,17,605.6,High
2023-10-08 00:00:00,LOC_001,43.2389,76.8897,40,56.1,24.3,28,8,2,2,Green,Clear,0,0.78,0,443.2,Low
2023-10-08 00:15:00,LOC_002,43.2567,76.9286,35,36.0,18.0,24,6,2,3,Green,Rain,0,-0.35,6,404.5,Medium
2023-10-08 00:30:00,LOC_003,43.222,76.8512,47,44.0,31.0,30,12,3,2,Green,Rain,0,-0.28,6,408.6,Medium
2023-10-08 00:45:00,LOC_001,43.2389,76.8897,16,51.5,8.5,11,3,1,1,Green,Clear,0,0.88,1,404.7,Low
2023-10-08 01:00:00,LOC_002,43.2567,76.9286,10,63.6,4.6,7,3,0,0,Red,Clear,0,0.23,0,420.5,Low
2023-10-08 01:15:00,LOC_003,43.222,76.8512,18,59.3,16.7,12,4,1,1,Green,Clear,0,0.74,0,418.3,Low
2023-10-08 01:30:00,LOC_001,43.2389,76.8897,30,58.2,14.7,20,5,2,3,Red,Clear,0,0.27,2,400.0,Low
2023-10-08 01:45:00,LOC_002,43.2567,76.9286,14,58.7,4.8,9,3,0,2,Yellow,Clear,0,0.62,1,422.9,Low
2023-10-08 02:00:00,LOC_003,43.222,76.8512,34,56.1,16.9,23,7,2,2,Green,Clear,0,0.61,1,417.6,Low
2023-10-08 02:15:00,LOC_001,43.2389,76.8897,12,46.0,1.5,9,3,0,0,Green,Fog,0,0.7,2,402.5,Low
2023-10-08 02:30:00,LOC_002,43.2567,76.9286,22,48.8,10.5,15,5,1,1,Green,Rain,0,0.51,0,400.0,Low
2023-10-08 02:45:00,LOC_003,43.222,76.8512,34,59.3,18.5,23,5,2,4,Green,Clear,0,0.6,0,438.6,Low
2023-10-08 03:00:00,LOC_001,43.2389,76.8897,12,48.0,12.8,8,2,1,1,Green,Rain,0,0.6,0,426.8,Low
2023-10-08 03:15:00,LOC_002,43.2567,76.9286,20,38.5,8.9,15,3,1,1,Green,Rain,0,-0.34,7,413.3,Medium
2023-10-08 03:30:00,LOC_003,43.222,76.8512,21,13.9,42.0,14,5,1,1,Yellow,Clear,1,-1.0,41,560.1,High
2023-10-08 03:45:00,LOC_001,43.2389,76.8897,34,56.8,18.8,24,5,2,3,Red,Clear,0,0.55,0,400.0,Low
2023-10-08 04:00:00,LOC_002,43.2567,76.9286,10,71.2,0.0,7,3,0,0,Green,Clear,0,0.78,0,403.8,Low
2023-10-08 04:15:00,LOC_003,43.222,76.8512,21,55.7,22.2,16,2,1,2,Green,Clear,0,0.39,1,419.1,Low
2023-10-08 04:30:00,LOC_001,43.2389,76.8897,22,51.0,5.9,15,5,1,1,Yellow,Clear,0,0.67,2,412.7,Low
2023-10-08 04:45:00,LOC_002,43.2567,76.9286,16,16.9,40.5,11,3,1,1,Green,Clear,1,-1.0,22,563.5,High
2023-10-08 05:00:00,LOC_003,43.222,76.8512,24,56.4,8.0,15,6,1,2,Green,Clear,0,1.0,0,419.2,Low
2023-10-08 05:15:00,LOC_001,43.2389,76.8897,34,34.5,27.8,24,6,1,3,Green,Rain,0,-0.23,6,410.1,Medium
2023-10-08 05:30:00,LOC_002,43.2567,76.9286,19,64.9,16.0,14,3,1,1,Red,Clear,0,0.6,1,400.0,Low
2023-10-08 05:45:00,LOC_003,43.222,76.8512,17,72.6,17.1,11,5,1,0,Yellow,Clear,0,0.78,0,400.0,Low
